material,model,fold,origin,seconds,status,MAE,RMSE,MAPE,sMAPE,MASE,Bias,PICP
HOSE Pipe & Accessories,ARIMA,0,2024-08-01,2.226022958755493,ok,0.34172948650929463,0.5034053166764999,20.985972062035533,25.74644134041742,0.4223614471238788,-0.31808698867279195,1.0
HOSE Pipe & Accessories,ARIMA,1,2024-07-01,2.3490707874298096,ok,0.36638248434135395,0.4944941099226037,42.84562858810535,61.137723255519646,0.4461245145749177,-0.331486435575775,1.0
HOSE Pipe & Accessories,ARIMA,2,2024-06-01,2.2718214988708496,ok,0.27089656444715277,0.3043378376615248,65.25288417625802,107.85599915416768,0.3253371735893153,-0.17045076919876764,1.0
HOSE Pipe & Accessories,ARIMA,3,2024-05-01,2.0285329818725586,ok,0.284075411451638,0.2998844172578563,99.77067151756054,62.173453660378286,0.33885794453773493,0.284075411451638,1.0
HOSE Pipe & Accessories,ARIMA,4,2024-04-01,2.220775604248047,ok,0.3812244891260719,0.39471751287070905,85.50515771814062,159.59190136938147,0.4548113773175744,-0.3812244891260719,1.0
HOSE Pipe & Accessories,ARIMA,5,2024-03-01,2.5644774436950684,ok,0.7416117921813532,0.971588865666043,66.03037874671446,110.57737834495359,0.8868085218071599,-0.7006982772762615,0.6666666666666666
HOSE Pipe & Accessories,AutoTS,0,2024-08-01,108.13958549499512,ok,0.3436528584966147,0.47579075074586147,57.867185813712254,34.266270468435906,0.42473864373111375,0.20528463418525988,0.6666666666666666
HOSE Pipe & Accessories,AutoTS,1,2024-07-01,96.5417537689209,ok,0.4120504672947331,0.5595514318812342,43.61919539802181,44.61125119288649,0.5017319947286634,-0.21923924228860037,0.3333333333333333
HOSE Pipe & Accessories,AutoTS,2,2024-06-01,72.80939531326294,ok,0.42090066666666665,0.42957395679750726,100.0,200.0,0.5054867843549394,-0.42090066666666665,
HOSE Pipe & Accessories,AutoTS,3,2024-05-01,126.60639643669128,ok,0.3392884729166667,0.39618463531706016,116.83342152188511,66.33013205237704,0.4047185708554773,0.3392884729166667,0.6666666666666666
HOSE Pipe & Accessories,AutoTS,4,2024-04-01,144.2172815799713,ok,1.0025019162666662,1.026979391535468,281.53110875053005,104.44295692774837,1.1960125603315228,1.0025019162666662,0.0
HOSE Pipe & Accessories,AutoTS,5,2024-03-01,137.58573246002197,ok,0.8811686166666668,1.0501196267094086,100.0,200.0,1.0536885290221178,-0.8811686166666668,
HOSE Pipe & Accessories,CrostonSBA,0,2024-08-01,0.0040524005889892,ok,0.6837142573581522,0.7959722645344328,50.10959440439435,63.83943404428024,0.8450384135908123,-0.5639383854077898,
HOSE Pipe & Accessories,CrostonSBA,1,2024-07-01,0.0,ok,0.5893425413382153,0.7119665645926427,80.44448463155497,68.58456646103723,0.7176111479387761,-0.17254837598535397,
HOSE Pipe & Accessories,CrostonSBA,2,2024-06-01,0.0015525817871093,ok,0.3140620485212971,0.3255938934925159,83.42998581172272,55.82579408567143,0.3771773902194392,0.3140620485212971,
HOSE Pipe & Accessories,CrostonSBA,3,2024-05-01,0.0030174255371093,ok,0.4442426060115971,0.45451437526071903,151.5051471037843,81.84474637169684,0.5299125875764303,0.4442426060115971,
HOSE Pipe & Accessories,CrostonSBA,4,2024-04-01,0.0020108222961425,ok,0.28733274211318166,0.3636436211601991,99.2482291585912,52.59115334318545,0.3427959218687932,0.28733274211318166,
HOSE Pipe & Accessories,CrostonSBA,5,2024-03-01,0.0020117759704589,ok,0.4831484086966931,0.59360450120168,88.99541727572709,62.081340663292885,0.577741792467373,-0.16147199275674606,
HOSE Pipe & Accessories,ETS,0,2024-08-01,0.1741032600402832,ok,0.7081628853763647,0.8495154992558921,48.29027671491335,66.30861365653836,0.8752557589403328,-0.6372842694624272,1.0
HOSE Pipe & Accessories,ETS,1,2024-07-01,0.1337854862213134,ok,0.5550931696960552,0.743580261270454,64.0099229551905,63.03151498971864,0.6759075050208495,-0.2752964909118347,1.0
HOSE Pipe & Accessories,ETS,2,2024-06-01,0.1395087242126464,ok,0.1903901699071943,0.20886557867564615,52.5642963410775,38.63623894514221,0.22865184681542802,0.1903901699071943,1.0
HOSE Pipe & Accessories,ETS,3,2024-05-01,0.1735877990722656,ok,0.28407230586714677,0.2998814753921029,99.76966840462295,62.17300809871037,0.3388542400566892,0.28407230586714677,1.0
HOSE Pipe & Accessories,ETS,4,2024-04-01,0.1755335330963134,ok,0.23122881607907156,0.2535657559432311,70.95933996399332,46.73202954431904,0.27586238375587707,0.1209091149038814,1.0
HOSE Pipe & Accessories,ETS,5,2024-03-01,3.4814789295196533,ok,0.5246813295085204,0.6388501986994385,79.35881965474087,68.60210078615383,0.6274062510153348,-0.28607075519222785,1.0
HOSE Pipe & Accessories,MLForecast,0,2024-08-01,0.2592461109161377,ok,0.8494342876756152,0.9930732093326068,126.4351601494655,66.65306563202239,1.0498605158251568,0.42595951655994996,0.6666666666666666
HOSE Pipe & Accessories,MLForecast,1,2024-07-01,0.2533555030822754,ok,1.1786674592737416,1.3978363666239815,165.05230588400147,110.37974816147636,1.4352008367950202,0.04019014002331689,0.3333333333333333
HOSE Pipe & Accessories,MLForecast,2,2024-06-01,0.2480013370513916,ok,0.7206009471229473,1.0761909345481644,149.57688078820536,73.71178707004421,0.865416200095436,0.5631175333636187,0.3333333333333333
HOSE Pipe & Accessories,MLForecast,3,2024-05-01,0.31838083267211914,ok,0.3733935628284975,0.5464854139349107,147.47182338812485,62.16565474590847,0.44540065807570506,0.2513011713462871,1.0
HOSE Pipe & Accessories,MLForecast,4,2024-04-01,0.22860336303710938,ok,0.5818218004211815,0.5888140757571442,146.15827013927057,155.94476429935958,0.6941295272231008,-0.18549591875906915,1.0
HOSE Pipe & Accessories,MLForecast,5,2024-03-01,0.42992401123046875,ok,0.36455382950402687,0.4779598696870686,72.41210518451635,91.81523584526299,0.4359281312271104,-0.1831428748520756,1.0
HOSE Pipe & Accessories,NBEATSx,0,2024-08-01,28.371137142181396,ok,0.8125920548445639,0.9687519835736855,115.58514312686079,63.050670025707355,1.0043252623919576,0.1480693792832438,0.0
HOSE Pipe & Accessories,NBEATSx,1,2024-07-01,27.230737686157227,ok,1.3106176585508982,1.8907152622065793,138.53079421764116,68.25485788882271,1.595869594490708,1.3006395658346812,0.3333333333333333
HOSE Pipe & Accessories,NBEATSx,2,2024-06-01,29.597267627716064,ok,0.33326575552686055,0.3935118215366793,70.86644089180793,137.8154667867437,0.4002403617723551,-0.33326575552686055,0.0
HOSE Pipe & Accessories,NBEATSx,3,2024-05-01,30.738780736923218,ok,0.7390644376907348,0.8968079018940264,270.61178238261533,183.57630844705614,0.8815893461425284,0.2283777710240682,0.0
HOSE Pipe & Accessories,NBEATSx,4,2024-04-01,36.265780210494995,ok,0.5379458585281371,0.7029740342172961,192.44333730163652,114.58524785474881,0.6417843129656765,0.21202379693349208,0.0
HOSE Pipe & Accessories,NBEATSx,5,2024-03-01,33.36153483390808,ok,1.001168609740448,1.168495142065787,208.71370129446643,121.46872433495501,1.197182763602204,-0.08252262359288538,0.0
HOSE Pipe & Accessories,NHITS,0,2024-08-01,39.61721444129944,ok,0.7745415622399902,1.2477263191805523,148.37704586325071,49.306427336100484,0.95729665715099,0.6640732264054362,0.6666666666666666
HOSE Pipe & Accessories,NHITS,1,2024-07-01,36.9484281539917,ok,1.0015284126553536,1.4684898227143728,81.56833503403908,84.36588916084386,1.2195080169623327,0.7160386230044365,0.0
HOSE Pipe & Accessories,NHITS,2,2024-06-01,34.06956624984741,ok,0.2153302924633026,0.2786003407104802,49.13631957909934,80.75260811142559,0.2586040501515405,-0.09482037420336405,0.6666666666666666
HOSE Pipe & Accessories,NHITS,3,2024-05-01,37.56411552429199,ok,0.7281443824801445,0.9122075862895749,268.22173127765177,157.46176178813,0.8685634124864252,0.26711372449413934,0.0
HOSE Pipe & Accessories,NHITS,4,2024-04-01,37.5038948059082,ok,0.7510284244321187,1.0207044597026134,276.34454601648764,122.2289595419982,0.8959977175224428,0.4408777577654521,0.3333333333333333
HOSE Pipe & Accessories,NHITS,5,2024-03-01,28.865864038467407,ok,1.1230493297995248,1.2545071774835668,284.7096632982894,107.7182961778405,1.3429259439721721,0.2804023595111847,0.0
HOSE Pipe & Accessories,Naive,0,2024-08-01,0.0,ok,0.9394701933333334,1.0946001952920978,67.08539036224185,107.09086270018125,1.161140627457164,-0.9394701933333334,
HOSE Pipe & Accessories,Naive,1,2024-07-01,0.0,ok,0.5282706666666667,0.8077105257322496,45.30046278068586,56.41146688897496,0.6432471660169755,-0.4186560000000001,
HOSE Pipe & Accessories,Naive,2,2024-06-01,0.0020108222961425,ok,0.18371866666666667,0.20280276536576122,40.804764655756095,53.10125593988858,0.22063960785516376,-0.18371866666666667,
HOSE Pipe & Accessories,Naive,3,2024-05-01,0.0020110607147216,ok,0.44638300000000003,0.4566066217343619,152.19650066617987,82.06939533413848,0.5324657459216207,0.44638300000000003,
HOSE Pipe & Accessories,Naive,4,2024-04-01,0.0017902851104736,ok,1.1311385166666668,1.152888078872832,314.31810627399614,110.09080220653091,1.3494795884741637,1.1311385166666668,
HOSE Pipe & Accessories,Naive,5,2024-03-01,0.0,ok,1.677289583333333,1.7718897950382149,421.2527650199975,105.71007282334939,2.0056783235111286,1.677289583333333,
HOSE Pipe & Accessories,NeuralProphet,0,2024-08-01,74.8913300037384,ok,0.3870738798783875,0.43414790923142627,29.569640243893502,32.99467890787236,0.4784049679741159,-0.3093166176942444,1.0
HOSE Pipe & Accessories,NeuralProphet,1,2024-07-01,69.89446306228638,ok,0.7420210139732362,0.972104259328346,210.44014645911417,71.68604223114087,0.9035196244664857,0.6082351069145202,0.3333333333333333
HOSE Pipe & Accessories,NeuralProphet,2,2024-06-01,62.90839457511902,ok,0.9211611907157898,1.0879737541186176,263.6490427463899,95.82472629945765,1.106281944989772,0.9211611907157898,0.0
HOSE Pipe & Accessories,NeuralProphet,3,2024-05-01,58.336461544036865,ok,1.2459961490275064,1.3592165572339752,420.43096839655095,125.51279674718778,1.4862803218478258,1.2459961490275064,0.0
HOSE Pipe & Accessories,NeuralProphet,4,2024-04-01,57.28273940086365,ok,1.1034970902379355,1.1102397794974923,293.97105203866545,109.69887558567157,1.316502600941455,1.1034970902379355,0.0
HOSE Pipe & Accessories,NeuralProphet,5,2024-03-01,62.79332447052002,ok,0.7964423110903421,0.798432699398587,170.4792666552289,85.453728269853,0.952374053445456,0.28254934861831665,0.0
HOSE Pipe & Accessories,TCN,0,2024-08-01,26.14527416229248,ok,0.9444939536924549,1.093666650645771,68.12631983989364,108.8356144676774,1.167349757131505,-0.9444939536924549,1.0
HOSE Pipe & Accessories,TCN,1,2024-07-01,24.570359230041504,ok,0.5835186347519347,0.9011397677354783,42.53867123137896,65.1183513841421,0.7105196858471728,-0.5835186347519347,1.0
HOSE Pipe & Accessories,TCN,2,2024-06-01,29.973538637161255,ok,0.16214998925682994,0.20233003248862813,33.990851152177505,46.7009432874461,0.19473639065897483,-0.16183350722386233,1.0
HOSE Pipe & Accessories,TCN,3,2024-05-01,25.306917190551758,ok,0.13273654728494025,0.16562011041659075,39.21989222647769,55.7022249654115,0.15833413158909765,-0.13124008798527556,1.0
HOSE Pipe & Accessories,TCN,4,2024-04-01,26.146293878555298,ok,0.3627397369372307,0.44209189460577175,65.28765456761,103.11893182233776,0.43275855583789063,-0.3627397369372307,1.0
HOSE Pipe & Accessories,TCN,5,2024-03-01,27.022790670394897,ok,0.7275730233686101,0.9149482794651697,70.93430019664555,117.03719557497058,0.8700211676279578,-0.7275730233686101,0.6666666666666666
O-RING,ARIMA,0,2024-08-01,2.01127552986145,ok,0.13156307948812437,0.13194913044954062,641.7026559460711,123.87922426366164,0.6237202103285086,0.05078177179770649,1.0
O-RING,ARIMA,1,2024-07-01,2.1905670166015625,ok,0.14159790423864652,0.14261572113624366,740.3861459674853,143.3184960423078,0.669497440407268,0.06273704604927295,1.0
O-RING,ARIMA,2,2024-06-01,2.3267273902893066,ok,0.09988478623141611,0.11485802812453456,27.79829529262455,89.3916448713716,0.47034541728335066,0.005431907972418326,1.0
O-RING,ARIMA,3,2024-05-01,2.240926504135132,ok,0.10906764535949649,0.12601200046289493,511.0625672182443,126.26494346891752,0.5109570575159001,0.09559840274515614,1.0
O-RING,ARIMA,4,2024-04-01,3.25478196144104,ok,0.059012225141421105,0.08536743367135274,342.3403561173478,61.75153711347347,0.27128246061368594,0.03836392457573665,1.0
O-RING,ARIMA,5,2024-03-01,3.7149410247802734,ok,0.05246877394234104,0.08454377234923191,338.70959035354036,57.93042909451847,0.2374233367768503,0.044897344839643506,1.0
O-RING,AutoTS,0,2024-08-01,115.24208331108093,ok,0.07489169607280889,0.11198594029395637,109.89304067415387,80.36561207542996,0.35504994720504046,-0.05333465801746782,1.0
O-RING,AutoTS,1,2024-07-01,77.71214747428894,ok,0.1293270576737897,0.13273469464100235,499.93489867319374,150.91066749473023,0.6114789237422471,0.01672900641541722,0.6666666666666666
O-RING,AutoTS,2,2024-06-01,83.76891732215881,ok,0.2437523573156446,0.26166062592850714,79.79673567965837,157.49157114927223,1.1478004663273518,0.00809606697602211,0.0
O-RING,AutoTS,3,2024-05-01,79.50104975700378,ok,0.119200486748749,0.1256304216834118,591.2591403949998,139.03104429294723,0.558427109734067,0.07341925616034717,0.3333333333333333
O-RING,AutoTS,4,2024-04-01,90.4469907283783,ok,0.07526333756384525,0.09523891524099096,368.92984650331323,68.24630140881403,0.34598972262761063,0.07526333756384525,0.6666666666666666
O-RING,AutoTS,5,2024-03-01,93.38271951675415,ok,0.07643949759710915,0.07854524262754586,249.1674821820026,82.20923264760094,0.3458918365615985,0.023039371295883567,0.3333333333333333
O-RING,CrostonSBA,0,2024-08-01,0.001994609832763672,ok,0.12016903782745769,0.12291189101906189,493.33486501228407,124.48890024296632,0.5697028211891467,0.016599646815706443,
O-RING,CrostonSBA,1,2024-07-01,0.0009968280792236328,ok,0.1292436378274577,0.13062340493868638,567.1496584996758,148.922113315934,0.6110845014243551,0.02567424681570644,
O-RING,CrostonSBA,2,2024-06-01,0.0009982585906982422,ok,0.1137508145203872,0.12029486003815563,46.81049250509563,108.33334348427492,0.5356388729506522,-0.036166176894494945,
O-RING,CrostonSBA,3,2024-05-01,0.0009970664978027344,ok,0.09759637035068174,0.10238907267796034,401.6416075671999,131.48197381456012,0.4572167488740457,0.06118457771871185,
O-RING,CrostonSBA,4,2024-04-01,0.0009980201721191406,ok,0.07156976799451947,0.07626457836349945,269.82465515872997,76.30462497615783,0.3290101791717714,0.0006912960164415782,
O-RING,CrostonSBA,5,2024-03-01,0.0009970664978027344,ok,0.06597334458372277,0.0717711230713769,261.63419041062514,73.80815920739416,0.29853206836144963,0.004383632915498342,
O-RING,ETS,0,2024-08-01,0.15826892852783203,ok,0.13156486333560846,0.13195119012969928,641.7258843595223,123.87901632539418,0.623728667273514,0.050787123340158696,1.0
O-RING,ETS,1,2024-07-01,0.16042661666870117,ok,0.14159950604089766,0.14261783511311724,740.4086070822424,143.31779142381933,0.669505013983395,0.06274185145602633,1.0
O-RING,ETS,2,2024-06-01,0.2308814525604248,ok,0.09988300515381911,0.11485828094266476,27.795853194727506,89.38947929461798,0.4703370304036547,0.005437251205209326,1.0
O-RING,ETS,3,2024-05-01,0.14818692207336426,ok,0.1090697714516079,0.12601683938030936,511.0828473561504,126.26402620419881,0.5109670177728185,0.09560478102149039,1.0
O-RING,ETS,4,2024-04-01,0.23275470733642578,ok,0.059010706105157816,0.08536948172242728,342.34912805471674,61.74993602242319,0.2712754775200256,0.038368481684526536,1.0
O-RING,ETS,5,2024-03-01,0.25714850425720215,ok,0.0524672620120335,0.08454618118845166,338.718219478911,57.92883201177944,0.2374164952306959,0.04490188063056614,1.0
O-RING,MLForecast,0,2024-08-01,0.2117774486541748,ok,0.0465196937089301,0.0634059463410456,78.03184228113332,59.09292941801792,0.22054267243851466,-0.025030136022953686,1.0
O-RING,MLForecast,1,2024-07-01,0.20592713356018066,ok,0.30477536137326333,0.3062615630956222,1732.581621717942,196.26010580079821,1.4410264434048683,0.12031402803992998,0.3333333333333333
O-RING,MLForecast,2,2024-06-01,0.2688605785369873,ok,0.18914233185827736,0.20209111299913646,78.28396614290345,159.62588803062079,0.8906484396704525,-0.06355403208285566,1.0
O-RING,MLForecast,3,2024-05-01,0.33956408500671387,ok,0.0458610917111546,0.05974155312535517,56.453405005970225,137.9323997175825,0.21484876104147127,0.020646927405458097,1.0
O-RING,MLForecast,4,2024-04-01,0.28746485710144043,ok,0.16434213262350775,0.17150944355329253,332.84156507997005,126.8688710499628,0.7554898669515288,0.06463351889309499,1.0
O-RING,MLForecast,5,2024-03-01,0.2355945110321045,ok,0.43690799441510214,0.49832971114881003,669.6971181462469,138.788071542149,1.9770264502941943,0.43690799441510214,0.6666666666666666
O-RING,NBEATSx,0,2024-08-01,28.439428091049194,ok,0.1704401433292071,0.21280430044893076,449.233565587454,155.55603257601055,0.8080303566876456,0.044269095957342776,0.0
O-RING,NBEATSx,1,2024-07-01,34.8613018989563,ok,0.24926153872187928,0.387761707798268,371.6763595057635,119.67827015628878,1.1785482494502098,0.24650800482320787,0.0
O-RING,NBEATSx,2,2024-06-01,44.75069260597229,ok,0.30839205492040317,0.43520403159255727,47.64394799474434,116.82951328088016,1.4521810100524113,0.1839295952667713,0.0
O-RING,NBEATSx,3,2024-05-01,48.88808560371399,ok,0.3354943013427734,0.4827789627848732,520.0211259486946,129.9223231659091,1.5717143288683866,0.3110397238857269,0.0
O-RING,NBEATSx,4,2024-04-01,33.1939594745636,ok,0.16268100850646497,0.1901279374251628,696.5606152996809,121.72330508979992,0.7478535875742274,0.027965391107233378,0.0
O-RING,NBEATSx,5,2024-03-01,28.827245235443115,ok,0.14342770439338684,0.1747238321397658,625.0867448144053,129.24576776742222,0.6490161977244449,0.027054086264928195,0.0
O-RING,NHITS,0,2024-08-01,44.21444129943848,ok,0.19030789383481342,0.22897037646189222,414.31918824024115,189.27289739265623,0.9022202887896048,-0.001019439498519903,0.0
O-RING,NHITS,1,2024-07-01,28.270038843154907,ok,0.22835671955124534,0.3395063777989695,299.8784826664993,121.72848819329283,1.0797069353631872,0.20078707988945643,0.0
O-RING,NHITS,2,2024-06-01,28.16064977645874,ok,0.34513271993399464,0.4655249776254642,61.08213759756025,134.68184669070553,1.6251883725254987,0.17792875423033236,0.0
O-RING,NHITS,3,2024-05-01,29.938152074813843,ok,0.27051257255058286,0.40067326566085565,409.5856344441368,122.0665739801221,1.2672897414803086,0.2638726114557902,0.0
O-RING,NHITS,4,2024-04-01,29.26700496673584,ok,0.2458185379643917,0.31457335122553337,1242.9831554898622,114.85089412540124,1.130041405549905,0.1571774843363285,0.0
O-RING,NHITS,5,2024-03-01,28.47275471687317,ok,0.11710018799686432,0.12515771932525754,351.4062618381921,130.92311903810713,0.529883114897339,0.009572187996864323,0.0
O-RING,Naive,0,2024-08-01,0.001508951187133789,ok,0.10473826666666668,0.1606296647067824,100.0,200.0,0.49654792187099556,-0.10473826666666668,
O-RING,Naive,1,2024-07-01,0.0009968280792236328,ok,0.14911013333333334,0.15386655440616934,845.7256406895999,140.1020580063775,0.7050164558735516,0.08527373333333332,
O-RING,Naive,2,2024-06-01,0.000997781753540039,ok,0.1477204666666667,0.17952048196641332,93.38747276106409,183.50242210936847,0.6955978698763201,-0.13807513333333332,
O-RING,Naive,3,2024-05-01,0.0009970664978027344,ok,0.11252296666666665,0.1340463228003787,544.021813077378,124.8008781743506,0.5271444502304339,0.10596436666666664,
O-RING,Naive,4,2024-04-01,0.000997781753540039,ok,0.05875896666666666,0.08571156237328775,343.8028409390499,61.48509754567234,0.2701182174075027,0.03912369999999999,
O-RING,Naive,5,2024-03-01,0.0009970664978027344,ok,0.06817583333333332,0.07167163528260907,249.06380178043642,76.72597414788083,0.30849841956151125,-0.0022238333333333277,
O-RING,NeuralProphet,0,2024-08-01,67.72759675979614,ok,0.1750268889754454,0.17795930287407236,679.739641189433,151.05299494863908,0.8297754083413914,0.031645933638079965,0.0
O-RING,NeuralProphet,1,2024-07-01,79.97234082221985,ok,0.18556465013599396,0.18560455310419835,958.591634538277,159.35297698921875,0.877379216621276,0.06461071477222442,0.0
O-RING,NeuralProphet,2,2024-06-01,73.65477561950684,ok,0.1649369158695221,0.16932113809189966,69.81765413991903,138.5816960154439,0.7766680537348879,-0.05176998757820129,0.0
O-RING,NeuralProphet,3,2024-05-01,66.08383107185364,ok,0.17610268704474766,0.1904057206759846,795.1152660391007,142.78262443491184,0.8250009477736753,0.12692149523166021,0.0
O-RING,NeuralProphet,4,2024-04-01,63.548757553100586,ok,0.14454823359247845,0.16642088159965554,609.8139878664017,88.88931924796276,0.6644962190860558,0.11269722635828654,0.6666666666666666
O-RING,NeuralProphet,5,2024-03-01,65.29013442993164,ok,0.18786939475631717,0.19611091040281353,672.0915169042287,101.28255138291486,0.8501166547232257,0.18786939475631717,0.3333333333333333
O-RING,TCN,0,2024-08-01,21.216132640838623,ok,0.10800434543192716,0.12778368949654767,284.9012109817032,123.69296496114859,0.5120318961162292,-0.028339665871488184,1.0
O-RING,TCN,1,2024-07-01,21.28727436065674,ok,0.10130041387360321,0.11871370307372221,292.3361107290757,149.21569912132338,0.47896448867118147,-0.02449065817038795,1.0
O-RING,TCN,2,2024-06-01,19.613021850585938,ok,0.12878290355848004,0.13560133498399837,65.69903302902848,131.91708612608372,0.6064231681173018,-0.0726128516070307,1.0
O-RING,TCN,3,2024-05-01,26.35635471343994,ok,0.07957912146635533,0.08148072442715801,218.17091434897148,134.65322520392758,0.37281004472156176,0.015355287048232817,1.0
O-RING,TCN,4,2024-04-01,35.65257716178894,ok,0.09896947608973573,0.10157352034067521,202.79800214893004,111.7672257622915,0.4549681516826177,-0.052806641644959296,1.0
O-RING,TCN,5,2024-03-01,35.82489609718323,ok,0.09236232303880891,0.09642318685416021,167.5988813529686,110.93561425534755,0.4179432695041348,-0.05686227286501202,1.0
RING SEAL,ARIMA,0,2024-08-01,0.1697828769683838,ok,1.6896890191508467,2.097339277721724,20.49256102283078,23.036178093122352,0.448299015621465,-1.191152604119206,1.0
RING SEAL,ARIMA,1,2024-07-01,0.17118120193481445,ok,1.4088393640841457,1.6484414178134268,31.346138939189704,25.371021318842953,0.3566991908495525,0.9825995255857704,1.0
RING SEAL,ARIMA,2,2024-06-01,0.1424427032470703,ok,1.3995037212482515,1.6706811298229216,31.92001422661781,25.44607918096718,0.34646677755787747,1.3995037212482515,1.0
RING SEAL,ARIMA,3,2024-05-01,0.1534137725830078,ok,2.7693356607497264,3.0776983980864774,82.56566798924081,52.81448457559118,0.6224813145605468,2.7693356607497264,1.0
RING SEAL,AutoTS,0,2024-08-01,69.99525904655457,ok,3.382964827972478,4.820928657624191,39.5984440845963,61.9285322443608,0.8975496585899918,-3.382964827972478,0.6666666666666666
RING SEAL,AutoTS,1,2024-07-01,46.96997356414795,ok,1.344399109623593,1.9111337499910086,32.213936579654494,23.76597534719598,0.3403837845582462,1.344399109623593,0.6666666666666666
RING SEAL,AutoTS,2,2024-06-01,52.01255702972412,ok,2.6354669779014186,2.8183336374292915,55.75105962410108,55.441889791918186,0.652446819061892,0.40082418330901753,1.0
RING SEAL,AutoTS,3,2024-05-01,40.31603717803955,ok,1.6548695333333334,1.984090338946798,44.71890348777157,60.96450566838758,0.37197562474483575,-0.45830973333333364,0.3333333333333333
RING SEAL,CrostonSBA,0,2024-08-01,0.0010051727294921875,ok,2.0780811477291765,2.7015567319828264,24.004883053908184,29.474905158790516,0.5513450832370862,-2.0780811477291765,
RING SEAL,CrostonSBA,1,2024-07-01,0.0018222332000732422,ok,1.0962842329398113,1.3243399701412333,21.98581052476421,20.373201138764465,0.27756443268105413,0.044934132152766836,
RING SEAL,CrostonSBA,2,2024-06-01,0.0,ok,0.7237268149331234,0.9927376845581868,17.073363782483046,14.715703616388689,0.17916872502379486,0.391105278132704,
RING SEAL,CrostonSBA,3,2024-05-01,0.0,ok,1.7321607039997662,2.0982332356860125,54.371439977104494,38.06729009666701,0.38934885623940274,1.6123198453326328,
RING SEAL,ETS,0,2024-08-01,0.04267311096191406,ok,1.6896818522780277,2.0973270668403696,20.492516796957457,23.03606868461622,0.4482971141461086,-1.1911311035007488,1.0
RING SEAL,ETS,1,2024-07-01,0.03323698043823242,ok,1.4088670416751123,1.648490913163825,31.34696782125035,25.37141956289326,0.35670619844357215,0.9826825583586704,1.0
RING SEAL,ETS,2,2024-06-01,0.01888442039489746,ok,1.3995107351501082,1.6706870052643272,31.92015591876809,25.44618393610164,0.34646851394766875,1.3995107351501082,1.0
RING SEAL,ETS,3,2024-05-01,0.01943492889404297,ok,2.7692878658453,3.077655391950497,82.56442109602219,52.813863745885534,0.622470571393744,2.7692878658453,0.6666666666666666
RING SEAL,MLForecast,0,2024-08-01,0.07828116416931152,ok,2.5555624651200928,3.305519268412472,29.533765002907792,38.399853897482956,0.67802780540543,-2.5555624651200928,
RING SEAL,MLForecast,1,2024-07-01,0.07148981094360352,ok,4.011126918871812,4.509904751418585,86.97404680247219,54.62414092850039,1.0155634225102321,4.011126918871812,
RING SEAL,MLForecast,2,2024-06-01,0.05178952217102051,ok,3.4903934367224303,4.335218964243848,80.75212601201072,48.911286883906826,0.8640958563166784,3.4903934367224303,
RING SEAL,MLForecast,3,2024-05-01,0.05192422866821289,ok,3.3238633308131753,3.705713453607182,99.10914556116467,60.40965873139208,0.7471260508103388,2.5947899272516075,
RING SEAL,NBEATSx,0,2024-08-01,35.036088943481445,ok,1.9586597090051272,2.0801531062213066,29.439925859951092,26.864954982303583,0.5196608426358215,-0.014439579586181436,0.0
RING SEAL,NBEATSx,1,2024-07-01,33.29135870933533,ok,1.1180652430725095,1.1244765776446257,21.768421683444718,24.04203108976408,0.28307909168923,-0.46313155103149395,0.3333333333333333
RING SEAL,NBEATSx,2,2024-06-01,29.71123695373535,ok,3.2928609873408003,3.388482713753744,63.32574535856359,59.328804446700936,0.8151939276106039,1.8483322556767785,0.0
RING SEAL,NBEATSx,3,2024-05-01,29.616570472717285,ok,7.468028245747884,8.304389554649466,222.96947446380443,91.58571329465494,1.6786365428631063,7.468028245747884,0.0
RING SEAL,NHITS,0,2024-08-01,29.60205101966858,ok,1.6064471210127769,1.7449094770340812,22.444284378013066,24.839714393058866,0.4262137321339078,-0.9257329272627765,0.0
RING SEAL,NHITS,1,2024-07-01,30.62849259376526,ok,2.033353833211263,2.4928164763872678,44.23766435026411,78.82394517142238,0.5148178603660691,-1.7961589138549803,0.3333333333333333
RING SEAL,NHITS,2,2024-06-01,33.951728105545044,ok,2.7339161377878827,2.8603203817932545,58.27446713499952,93.40593938482513,0.6768192895750254,-1.4825807714508052,0.0
RING SEAL,NHITS,3,2024-05-01,51.782042503356934,ok,7.533003984273274,7.95458805567003,216.42898491058617,94.45068811734089,1.6932415557927698,7.533003984273274,0.0
RING SEAL,Naive,0,2024-08-01,0.0020101070404052734,ok,3.557255076666666,3.953991805763523,44.993837423562205,59.73220036600938,0.9437913906699524,-3.557255076666666,
RING SEAL,Naive,1,2024-07-01,0.0,ok,1.2559984333333334,1.4235567086360479,26.76889427276503,23.058284525444737,0.31800192151044065,0.524076733333333,
RING SEAL,Naive,2,2024-06-01,0.0,ok,2.342000516666666,2.513469950452088,43.66441674695652,57.11923932650086,0.5797950800192613,-2.342000516666666,
RING SEAL,Naive,3,2024-05-01,0.0010068416595458984,ok,1.1056730666666665,1.369077370257802,26.150339363292673,26.058566982324276,0.24852921722985677,-0.2671430666666663,
RING SEAL,NeuralProphet,0,2024-08-01,22.50875997543335,ok,6.474032657086842,6.9522072083151345,83.7504019496611,149.76304932722914,1.7176548077064506,-6.474032657086842,0.0
RING SEAL,NeuralProphet,1,2024-07-01,23.27617335319519,ok,3.841872398142242,4.4617287162426384,63.443767462958704,104.38048744360341,0.9727104528027072,-3.841872398142242,0.3333333333333333
RING SEAL,NeuralProphet,2,2024-06-01,20.12653350830078,ok,4.284185787443923,4.37484081789364,84.47843477773293,151.36421682695317,1.060610287560397,-4.284185787443923,0.0
RING SEAL,NeuralProphet,3,2024-05-01,12.863122701644897,ok,1.5109917153503414,1.7690948933265884,43.031746677534,34.44031894935411,0.33963528603345344,0.23563768305460617,0.6666666666666666
RING SEAL,TCN,0,2024-08-01,7.082828998565674,ok,2.5583109514505216,3.1282886675666055,30.8594840377802,38.59748349649072,0.678757018711793,-2.5583109514505216,0.6666666666666666
RING SEAL,TCN,1,2024-07-01,6.443769931793213,ok,0.827142586700696,0.8688319121823295,17.226365524266953,15.75562442552863,0.20942138537216662,0.4062667802205298,1.0
RING SEAL,TCN,2,2024-06-01,5.277401924133301,ok,0.9322197087656473,1.1506321662360792,17.684630745257476,15.810981739801496,0.2307840654999476,0.9322197087656473,1.0
RING SEAL,TCN,3,2024-05-01,6.285489082336426,ok,3.9646044942213643,4.459223407446283,114.75495030322935,63.72131994508887,0.891149546172185,3.9646044942213643,0.0
