material,model,fold,origin,n_train,step,ds,y,yhat,lo,hi,info,status,seconds
HOSE Pipe & Accessories,Naive,5,2024-03-01,50,1,2024-04-01,1.62553685,2.5584582,,,last value,ok,0.0
HOSE Pipe & Accessories,Naive,5,2024-03-01,50,2,2024-05-01,0.780787,2.5584582,,,last value,ok,0.0
HOSE Pipe & Accessories,Naive,5,2024-03-01,50,3,2024-06-01,0.237182,2.5584582,,,last value,ok,0.0
HOSE Pipe & Accessories,Naive,4,2024-04-01,51,1,2024-05-01,0.780787,1.62553685,,,last value,ok,0.0017902851104736
HOSE Pipe & Accessories,Naive,4,2024-04-01,51,2,2024-06-01,0.237182,1.62553685,,,last value,ok,0.0017902851104736
HOSE Pipe & Accessories,Naive,4,2024-04-01,51,3,2024-07-01,0.465226,1.62553685,,,last value,ok,0.0017902851104736
HOSE Pipe & Accessories,Naive,3,2024-05-01,52,1,2024-06-01,0.237182,0.780787,,,last value,ok,0.0020110607147216
HOSE Pipe & Accessories,Naive,3,2024-05-01,52,2,2024-07-01,0.465226,0.780787,,,last value,ok,0.0020110607147216
HOSE Pipe & Accessories,Naive,3,2024-05-01,52,3,2024-08-01,0.300804,0.780787,,,last value,ok,0.0020110607147216
HOSE Pipe & Accessories,Naive,2,2024-06-01,53,1,2024-07-01,0.465226,0.237182,,,last value,ok,0.0020108222961425
HOSE Pipe & Accessories,Naive,2,2024-06-01,53,2,2024-08-01,0.300804,0.237182,,,last value,ok,0.0020108222961425
HOSE Pipe & Accessories,Naive,2,2024-06-01,53,3,2024-09-01,0.496672,0.237182,,,last value,ok,0.0020108222961425
HOSE Pipe & Accessories,Naive,1,2024-07-01,54,1,2024-08-01,0.300804,0.465226,,,last value,ok,0.0
HOSE Pipe & Accessories,Naive,1,2024-07-01,54,2,2024-09-01,0.496672,0.465226,,,last value,ok,0.0
HOSE Pipe & Accessories,Naive,1,2024-07-01,54,3,2024-10-01,1.85417,0.465226,,,last value,ok,0.0
HOSE Pipe & Accessories,Naive,0,2024-08-01,55,1,2024-09-01,0.496672,0.300804,,,last value,ok,0.0
HOSE Pipe & Accessories,Naive,0,2024-08-01,55,2,2024-10-01,1.85417,0.300804,,,last value,ok,0.0
HOSE Pipe & Accessories,Naive,0,2024-08-01,55,3,2024-11-01,1.36998058,0.300804,,,last value,ok,0.0
HOSE Pipe & Accessories,CrostonSBA,5,2024-03-01,50,1,2024-04-01,1.62553685,0.7196966239099206,,,alpha=0.1,ok,0.0020117759704589
HOSE Pipe & Accessories,CrostonSBA,5,2024-03-01,50,2,2024-05-01,0.780787,0.7196966239099206,,,alpha=0.1,ok,0.0020117759704589
HOSE Pipe & Accessories,CrostonSBA,5,2024-03-01,50,3,2024-06-01,0.237182,0.7196966239099206,,,alpha=0.1,ok,0.0020117759704589
HOSE Pipe & Accessories,CrostonSBA,4,2024-04-01,51,1,2024-05-01,0.780787,0.781731075446515,,,alpha=0.1,ok,0.0020108222961425
HOSE Pipe & Accessories,CrostonSBA,4,2024-04-01,51,2,2024-06-01,0.237182,0.781731075446515,,,alpha=0.1,ok,0.0020108222961425
HOSE Pipe & Accessories,CrostonSBA,4,2024-04-01,51,3,2024-07-01,0.465226,0.781731075446515,,,alpha=0.1,ok,0.0020108222961425
HOSE Pipe & Accessories,CrostonSBA,3,2024-05-01,52,1,2024-06-01,0.237182,0.7786466060115971,,,alpha=0.1,ok,0.0030174255371093
HOSE Pipe & Accessories,CrostonSBA,3,2024-05-01,52,2,2024-07-01,0.465226,0.7786466060115971,,,alpha=0.1,ok,0.0030174255371093
HOSE Pipe & Accessories,CrostonSBA,3,2024-05-01,52,3,2024-08-01,0.300804,0.7786466060115971,,,alpha=0.1,ok,0.0030174255371093
HOSE Pipe & Accessories,CrostonSBA,2,2024-06-01,53,1,2024-07-01,0.465226,0.7349627151879637,,,alpha=0.1,ok,0.0015525817871093
HOSE Pipe & Accessories,CrostonSBA,2,2024-06-01,53,2,2024-08-01,0.300804,0.7349627151879637,,,alpha=0.1,ok,0.0015525817871093
HOSE Pipe & Accessories,CrostonSBA,2,2024-06-01,53,3,2024-09-01,0.496672,0.7349627151879637,,,alpha=0.1,ok,0.0015525817871093
HOSE Pipe & Accessories,CrostonSBA,1,2024-07-01,54,1,2024-08-01,0.300804,0.7113336240146461,,,alpha=0.1,ok,0.0
HOSE Pipe & Accessories,CrostonSBA,1,2024-07-01,54,2,2024-09-01,0.496672,0.7113336240146461,,,alpha=0.1,ok,0.0
HOSE Pipe & Accessories,CrostonSBA,1,2024-07-01,54,3,2024-10-01,1.85417,0.7113336240146461,,,alpha=0.1,ok,0.0
HOSE Pipe & Accessories,CrostonSBA,0,2024-08-01,55,1,2024-09-01,0.496672,0.6763358079255435,,,alpha=0.1,ok,0.0040524005889892
HOSE Pipe & Accessories,CrostonSBA,0,2024-08-01,55,2,2024-10-01,1.85417,0.6763358079255435,,,alpha=0.1,ok,0.0040524005889892
HOSE Pipe & Accessories,CrostonSBA,0,2024-08-01,55,3,2024-11-01,1.36998058,0.6763358079255435,,,alpha=0.1,ok,0.0040524005889892
HOSE Pipe & Accessories,ETS,5,2024-03-01,50,1,2024-04-01,1.62553685,0.5950978614744389,0.0,1.9035408011866224,ETS(ANN),ok,3.4814789295196533
HOSE Pipe & Accessories,ETS,5,2024-03-01,50,2,2024-05-01,0.780787,0.5950978614744389,0.0,1.9035408077288367,ETS(ANN),ok,3.4814789295196533
HOSE Pipe & Accessories,ETS,5,2024-03-01,50,3,2024-06-01,0.237182,0.5950978614744389,0.0,1.903540814271052,ETS(ANN),ok,3.4814789295196533
HOSE Pipe & Accessories,ETS,4,2024-04-01,51,1,2024-05-01,0.780787,0.6153074482372147,0.0,1.9237341626927515,ETS(ANN),ok,0.1755335330963134
HOSE Pipe & Accessories,ETS,4,2024-04-01,51,2,2024-06-01,0.237182,0.6153074482372147,0.0,1.9237341692348853,ETS(ANN),ok,0.1755335330963134
HOSE Pipe & Accessories,ETS,4,2024-04-01,51,3,2024-07-01,0.465226,0.6153074482372147,0.0,1.9237341757770188,ETS(ANN),ok,0.1755335330963134
HOSE Pipe & Accessories,ETS,3,2024-05-01,52,1,2024-06-01,0.237182,0.6184763058671467,0.0,1.9145882415905504,ETS(ANN),ok,0.1735877990722656
HOSE Pipe & Accessories,ETS,3,2024-05-01,52,2,2024-07-01,0.465226,0.6184763058671467,0.0,1.91458824807111,ETS(ANN),ok,0.1735877990722656
HOSE Pipe & Accessories,ETS,3,2024-05-01,52,3,2024-08-01,0.300804,0.6184763058671467,0.0,1.91458825455167,ETS(ANN),ok,0.1735877990722656
HOSE Pipe & Accessories,ETS,2,2024-06-01,53,1,2024-07-01,0.465226,0.611290836573861,0.0,1.8968376770033748,ETS(ANN),ok,0.1395087242126464
HOSE Pipe & Accessories,ETS,2,2024-06-01,53,2,2024-08-01,0.300804,0.611290836573861,0.0,1.8968376834311087,ETS(ANN),ok,0.1395087242126464
HOSE Pipe & Accessories,ETS,2,2024-06-01,53,3,2024-09-01,0.496672,0.611290836573861,0.0,1.8968376898588435,ETS(ANN),ok,0.1395087242126464
HOSE Pipe & Accessories,ETS,1,2024-07-01,54,1,2024-08-01,0.300804,0.6085855090881653,0.0,1.8824235446699449,ETS(ANN),ok,0.1337854862213134
HOSE Pipe & Accessories,ETS,1,2024-07-01,54,2,2024-09-01,0.496672,0.6085855090881653,0.0,1.8824235510391347,ETS(ANN),ok,0.1337854862213134
HOSE Pipe & Accessories,ETS,1,2024-07-01,54,3,2024-10-01,1.85417,0.6085855090881653,0.0,1.882423557408325,ETS(ANN),ok,0.1337854862213134
HOSE Pipe & Accessories,ETS,0,2024-08-01,55,1,2024-09-01,0.496672,0.6029899238709061,0.0,1.86629430945606,ETS(ANN),ok,0.1741032600402832
HOSE Pipe & Accessories,ETS,0,2024-08-01,55,2,2024-10-01,1.85417,0.6029899238709061,0.0,1.8662943157725824,ETS(ANN),ok,0.1741032600402832
HOSE Pipe & Accessories,ETS,0,2024-08-01,55,3,2024-11-01,1.36998058,0.6029899238709061,0.0,1.866294322089104,ETS(ANN),ok,0.1741032600402832
HOSE Pipe & Accessories,ARIMA,5,2024-03-01,50,1,2024-04-01,1.62553685,0.0498924470602788,0.0,1.289655962677508,"ARIMA(1, 0, 1)",ok,2.5644774436950684
HOSE Pipe & Accessories,ARIMA,5,2024-03-01,50,2,2024-05-01,0.780787,0.192966298753299,0.0,1.4691163277180126,"ARIMA(1, 0, 1)",ok,2.5644774436950684
HOSE Pipe & Accessories,ARIMA,5,2024-03-01,50,3,2024-06-01,0.237182,0.2985522723576377,0.0,1.594089272337064,"ARIMA(1, 0, 1)",ok,2.5644774436950684
HOSE Pipe & Accessories,ARIMA,4,2024-04-01,51,1,2024-05-01,0.780787,0.3395215326217843,0.0,1.511822959685169,"ARIMA(2, 0, 2)",ok,2.220775604248047
HOSE Pipe & Accessories,ARIMA,4,2024-04-01,51,2,2024-06-01,0.237182,0.0,0.0,1.113176101627576,"ARIMA(2, 0, 2)",ok,2.220775604248047
HOSE Pipe & Accessories,ARIMA,4,2024-04-01,51,3,2024-07-01,0.465226,0.0,0.0,1.0940647279761833,"ARIMA(2, 0, 2)",ok,2.220775604248047
HOSE Pipe & Accessories,ARIMA,3,2024-05-01,52,1,2024-06-01,0.237182,0.618479411451638,0.0,1.9145353968173808,"ARIMA(0, 0, 0)",ok,2.0285329818725586
HOSE Pipe & Accessories,ARIMA,3,2024-05-01,52,2,2024-07-01,0.465226,0.618479411451638,0.0,1.9145353968173808,"ARIMA(0, 0, 0)",ok,2.0285329818725586
HOSE Pipe & Accessories,ARIMA,3,2024-05-01,52,3,2024-08-01,0.300804,0.618479411451638,0.0,1.9145353968173808,"ARIMA(0, 0, 0)",ok,2.0285329818725586
HOSE Pipe & Accessories,ARIMA,2,2024-06-01,53,1,2024-07-01,0.465226,0.0,0.0,0.9563865633768968,"ARIMA(2, 0, 2)",ok,2.2718214988708496
HOSE Pipe & Accessories,ARIMA,2,2024-06-01,53,2,2024-08-01,0.300804,0.1040089995311194,0.0,1.2670994351989404,"ARIMA(2, 0, 2)",ok,2.2718214988708496
HOSE Pipe & Accessories,ARIMA,2,2024-06-01,53,3,2024-09-01,0.496672,0.6473406928725777,0.0,1.827411025123724,"ARIMA(2, 0, 2)",ok,2.2718214988708496
HOSE Pipe & Accessories,ARIMA,1,2024-07-01,54,1,2024-08-01,0.300804,0.0798380174373694,0.0,1.2287960865140135,"ARIMA(2, 0, 2)",ok,2.3490707874298096
HOSE Pipe & Accessories,ARIMA,1,2024-07-01,54,2,2024-09-01,0.496672,0.5490160731483684,0.0,1.7073193858529037,"ARIMA(2, 0, 2)",ok,2.3490707874298096
HOSE Pipe & Accessories,ARIMA,1,2024-07-01,54,3,2024-10-01,1.85417,1.0283326026869373,0.0,2.2008050435324438,"ARIMA(2, 0, 2)",ok,2.3490707874298096
HOSE Pipe & Accessories,ARIMA,0,2024-08-01,55,1,2024-09-01,0.496672,0.5321357467547541,0.0,1.6717473905746585,"ARIMA(2, 0, 2)",ok,2.226022958755493
HOSE Pipe & Accessories,ARIMA,0,2024-08-01,55,2,2024-10-01,1.85417,0.9924183158157402,0.0,2.1409414468616856,"ARIMA(2, 0, 2)",ok,2.226022958755493
HOSE Pipe & Accessories,ARIMA,0,2024-08-01,55,3,2024-11-01,1.36998058,1.24200755141113,0.0799203983006486,2.4040947045216114,"ARIMA(2, 0, 2)",ok,2.226022958755493
HOSE Pipe & Accessories,AutoTS,5,2024-03-01,50,1,2024-04-01,1.62553685,0.0,,,Ensemble; degenerate interval dropped,ok,137.58573246002197
HOSE Pipe & Accessories,AutoTS,5,2024-03-01,50,2,2024-05-01,0.780787,0.0,,,Ensemble; degenerate interval dropped,ok,137.58573246002197
HOSE Pipe & Accessories,AutoTS,5,2024-03-01,50,3,2024-06-01,0.237182,0.0,,,Ensemble; degenerate interval dropped,ok,137.58573246002197
HOSE Pipe & Accessories,AutoTS,4,2024-04-01,51,1,2024-05-01,0.780787,1.4969002495999995,1.4969002495999995,1.62553685,Ensemble,ok,144.2172815799713
HOSE Pipe & Accessories,AutoTS,4,2024-04-01,51,2,2024-06-01,0.237182,1.4969002495999995,1.4969002495999995,2.3826542495999994,Ensemble,ok,144.2172815799713
HOSE Pipe & Accessories,AutoTS,4,2024-04-01,51,3,2024-07-01,0.465226,1.4969002495999995,1.4969002495999995,2.3826542495999994,Ensemble,ok,144.2172815799713
HOSE Pipe & Accessories,AutoTS,3,2024-05-01,52,1,2024-06-01,0.237182,0.527252421875,0.06973149999999995,1.50565125,MetricMotif,ok,126.60639643669128
HOSE Pipe & Accessories,AutoTS,3,2024-05-01,52,2,2024-07-01,0.465226,0.582239753125,0.26201374,0.9089472700000001,MetricMotif,ok,126.60639643669128
HOSE Pipe & Accessories,AutoTS,3,2024-05-01,52,3,2024-08-01,0.300804,0.91158524375,0.5340085325,1.1926948925,MetricMotif,ok,126.60639643669128
HOSE Pipe & Accessories,AutoTS,2,2024-06-01,53,1,2024-07-01,0.465226,0.0,,,FFT; degenerate interval dropped,ok,72.80939531326294
HOSE Pipe & Accessories,AutoTS,2,2024-06-01,53,2,2024-08-01,0.300804,0.0,,,FFT; degenerate interval dropped,ok,72.80939531326294
HOSE Pipe & Accessories,AutoTS,2,2024-06-01,53,3,2024-09-01,0.496672,0.0,,,FFT; degenerate interval dropped,ok,72.80939531326294
HOSE Pipe & Accessories,AutoTS,1,2024-07-01,54,1,2024-08-01,0.300804,0.465226,0.34313761780501656,1.406685776027928,Ensemble,ok,96.5417537689209
HOSE Pipe & Accessories,AutoTS,1,2024-07-01,54,2,2024-09-01,0.496672,0.6214668375091991,0.3431376178050166,1.406685776027928,Ensemble,ok,96.5417537689209
HOSE Pipe & Accessories,AutoTS,1,2024-07-01,54,3,2024-10-01,1.85417,0.907235435625,0.3432476511358287,1.4067893286606943,Ensemble,ok,96.5417537689209
HOSE Pipe & Accessories,AutoTS,0,2024-08-01,55,1,2024-09-01,0.496672,1.293766885044974,1.0054015658670492,1.6852670866512853,Ensemble,ok,108.13958549499512
HOSE Pipe & Accessories,AutoTS,0,2024-08-01,55,2,2024-10-01,1.85417,1.646617663532968,1.646617663532968,2.212647461362979,Ensemble,ok,108.13958549499512
HOSE Pipe & Accessories,AutoTS,0,2024-08-01,55,3,2024-11-01,1.36998058,1.396291933977838,0.9433757379637684,1.9790906570067563,Ensemble,ok,108.13958549499512
HOSE Pipe & Accessories,MLForecast,5,2024-03-01,50,1,2024-04-01,1.62553685,1.5847787934658464,0.6685636583980458,2.500993928533647,"lags=[1, 2, 3, 6, 12]",ok,0.42992401123046875
HOSE Pipe & Accessories,MLForecast,5,2024-03-01,50,2,2024-05-01,0.780787,0.0,0.0,0.8807913545335448,"lags=[1, 2, 3, 6, 12]",ok,0.42992401123046875
HOSE Pipe & Accessories,MLForecast,5,2024-03-01,50,3,2024-06-01,0.237182,0.5092984319779269,0.0,2.2179045812070455,"lags=[1, 2, 3, 6, 12]",ok,0.42992401123046875
HOSE Pipe & Accessories,MLForecast,4,2024-04-01,51,1,2024-05-01,0.780787,0.09503642122962401,0.0,0.9217804243650648,"lags=[1, 2, 3, 6, 12]",ok,0.22860336303710938
HOSE Pipe & Accessories,MLForecast,4,2024-04-01,51,2,2024-06-01,0.237182,0.8316708224931685,0.0,2.4426960244146443,"lags=[1, 2, 3, 6, 12]",ok,0.22860336303710938
HOSE Pipe & Accessories,MLForecast,4,2024-04-01,51,3,2024-07-01,0.465226,0.0,0.0,0.9268309310392167,"lags=[1, 2, 3, 6, 12]",ok,0.22860336303710938
HOSE Pipe & Accessories,MLForecast,3,2024-05-01,52,1,2024-06-01,0.237182,1.174224101262177,0.0,2.835733286356045,"lags=[1, 2, 3, 6, 12]",ok,0.31838083267211914
HOSE Pipe & Accessories,MLForecast,3,2024-05-01,52,2,2024-07-01,0.465226,0.3499802167000469,0.0,1.3870750512852656,"lags=[1, 2, 3, 6, 12]",ok,0.31838083267211914
HOSE Pipe & Accessories,MLForecast,3,2024-05-01,52,3,2024-08-01,0.300804,0.23291119607663743,0.0,0.9950993314908746,"lags=[1, 2, 3, 6, 12]",ok,0.31838083267211914
HOSE Pipe & Accessories,MLForecast,2,2024-06-01,53,1,2024-07-01,0.465226,0.22900087936100702,0.18132709049143417,0.27667466823057985,"lags=[1, 2, 3, 6, 12]",ok,0.2480013370513916
HOSE Pipe & Accessories,MLForecast,2,2024-06-01,53,2,2024-08-01,0.300804,0.3790495612821527,0.0,0.9965269437434483,"lags=[1, 2, 3, 6, 12]",ok,0.2480013370513916
HOSE Pipe & Accessories,MLForecast,2,2024-06-01,53,3,2024-09-01,0.496672,2.3440041594476964,0.7278362951704598,3.960172023724933,"lags=[1, 2, 3, 6, 12]",ok,0.2480013370513916
HOSE Pipe & Accessories,MLForecast,1,2024-07-01,54,1,2024-08-01,0.300804,0.1753214064764688,0.0,1.2436598751223649,"lags=[1, 2, 3, 6, 12]",ok,0.2533555030822754
HOSE Pipe & Accessories,MLForecast,1,2024-07-01,54,2,2024-09-01,0.496672,2.3249583989455878,1.0123170078987673,3.637599789992408,"lags=[1, 2, 3, 6, 12]",ok,0.2533555030822754
HOSE Pipe & Accessories,MLForecast,1,2024-07-01,54,3,2024-10-01,1.85417,0.27193661464789426,0.0,0.9229021139229029,"lags=[1, 2, 3, 6, 12]",ok,0.2533555030822754
HOSE Pipe & Accessories,MLForecast,0,2024-08-01,55,1,2024-09-01,0.496672,2.055351344879899,0.6343557621443784,3.4763469276154195,"lags=[1, 2, 3, 6, 12]",ok,0.2592461109161377
HOSE Pipe & Accessories,MLForecast,0,2024-08-01,55,2,2024-10-01,1.85417,2.208581361473449,1.7676788688584502,2.649483854088448,"lags=[1, 2, 3, 6, 12]",ok,0.2592461109161377
HOSE Pipe & Accessories,MLForecast,0,2024-08-01,55,3,2024-11-01,1.36998058,0.7347684233265023,0.09224864927685444,1.3772881973761502,"lags=[1, 2, 3, 6, 12]",ok,0.2592461109161377
HOSE Pipe & Accessories,NeuralProphet,5,2024-03-01,50,1,2024-04-01,1.62553685,0.8546974062919617,0.6905561089515686,1.3505206108093262,,ok,62.79332447052002
HOSE Pipe & Accessories,NeuralProphet,5,2024-03-01,50,2,2024-05-01,0.780787,1.5246855020523071,1.0398939847946167,3.3773155212402344,,ok,62.79332447052002
HOSE Pipe & Accessories,NeuralProphet,5,2024-03-01,50,3,2024-06-01,0.237182,1.1117709875106812,0.7751643061637878,3.0327541828155518,,ok,62.79332447052002
HOSE Pipe & Accessories,NeuralProphet,4,2024-04-01,51,1,2024-05-01,0.780787,1.8412672281265259,1.4285823106765747,3.4847030639648438,,ok,57.28273940086365
HOSE Pipe & Accessories,NeuralProphet,4,2024-04-01,51,2,2024-06-01,0.237182,1.5071080923080444,1.199051856994629,3.2490079402923584,,ok,57.28273940086365
HOSE Pipe & Accessories,NeuralProphet,4,2024-04-01,51,3,2024-07-01,0.465226,1.4453109502792358,1.2144263982772827,1.911737322807312,,ok,57.28273940086365
HOSE Pipe & Accessories,NeuralProphet,3,2024-05-01,52,1,2024-06-01,0.237182,1.3299263715744019,0.9046657681465149,3.121958017349243,,ok,58.336461544036865
HOSE Pipe & Accessories,NeuralProphet,3,2024-05-01,52,2,2024-07-01,0.465226,1.13605797290802,0.7670733332633972,1.7694344520568848,,ok,58.336461544036865
HOSE Pipe & Accessories,NeuralProphet,3,2024-05-01,52,3,2024-08-01,0.300804,2.2752161026000977,1.2320157289505005,5.857553958892822,,ok,58.336461544036865
HOSE Pipe & Accessories,NeuralProphet,2,2024-06-01,53,1,2024-07-01,0.465226,0.9463707804679871,0.4984031617641449,1.68197762966156,,ok,62.90839457511902
HOSE Pipe & Accessories,NeuralProphet,2,2024-06-01,53,2,2024-08-01,0.300804,2.0398969650268555,0.8382365703582764,5.677244663238525,,ok,62.90839457511902
HOSE Pipe & Accessories,NeuralProphet,2,2024-06-01,53,3,2024-09-01,0.496672,1.0399178266525269,0.5873041749000549,2.008594274520874,,ok,62.90839457511902
HOSE Pipe & Accessories,NeuralProphet,1,2024-07-01,54,1,2024-08-01,0.300804,1.9232491254806519,0.8082070350646973,5.559123992919922,,ok,69.89446306228638
HOSE Pipe & Accessories,NeuralProphet,1,2024-07-01,54,2,2024-09-01,0.496672,0.8996110558509827,0.559320867061615,1.8045271635055542,,ok,69.89446306228638
HOSE Pipe & Accessories,NeuralProphet,1,2024-07-01,54,3,2024-10-01,1.85417,1.6534911394119263,0.9411271214485168,2.780909776687622,,ok,69.89446306228638
HOSE Pipe & Accessories,NeuralProphet,0,2024-08-01,55,1,2024-09-01,0.496672,0.6133078932762146,0.3516066074371338,1.4706792831420898,,ok,74.8913300037384
HOSE Pipe & Accessories,NeuralProphet,0,2024-08-01,55,2,2024-10-01,1.85417,1.2758878469467163,0.6744605898857117,2.3345892429351807,,ok,74.8913300037384
HOSE Pipe & Accessories,NeuralProphet,0,2024-08-01,55,3,2024-11-01,1.36998058,0.9036769866943359,0.5726638436317444,1.9722617864608765,,ok,74.8913300037384
HOSE Pipe & Accessories,NBEATSx,5,2024-03-01,50,1,2024-04-01,1.62553685,0.0,0.0,0.0,input_size=12,ok,33.36153483390808
HOSE Pipe & Accessories,NBEATSx,5,2024-03-01,50,2,2024-05-01,0.780787,0.9675895571708679,0.9675895571708679,1.0400344133377075,input_size=12,ok,33.36153483390808
HOSE Pipe & Accessories,NBEATSx,5,2024-03-01,50,3,2024-06-01,0.237182,1.428348422050476,1.3074803352355957,1.5800515413284302,input_size=12,ok,33.36153483390808
HOSE Pipe & Accessories,NBEATSx,4,2024-04-01,51,1,2024-05-01,0.780787,0.7571299076080322,0.682022750377655,0.7571299076080322,input_size=12,ok,36.265780210494995
HOSE Pipe & Accessories,NBEATSx,4,2024-04-01,51,2,2024-06-01,0.237182,1.3621364831924438,1.2679431438446045,1.4591206312179565,input_size=12,ok,36.265780210494995
HOSE Pipe & Accessories,NBEATSx,4,2024-04-01,51,3,2024-07-01,0.465226,0.0,0.0,0.0,input_size=12,ok,36.265780210494995
HOSE Pipe & Accessories,NBEATSx,3,2024-05-01,52,1,2024-06-01,0.237182,1.6883453130722046,1.6883453130722046,1.8443951606750488,input_size=12,ok,30.738780736923218
HOSE Pipe & Accessories,NBEATSx,3,2024-05-01,52,2,2024-07-01,0.465226,0.0,0.0,0.0,input_size=12,ok,30.738780736923218
HOSE Pipe & Accessories,NBEATSx,3,2024-05-01,52,3,2024-08-01,0.300804,0.0,0.0,0.0,input_size=12,ok,30.738780736923218
HOSE Pipe & Accessories,NBEATSx,2,2024-06-01,53,1,2024-07-01,0.465226,0.0,0.0,0.0,input_size=12,ok,29.597267627716064
HOSE Pipe & Accessories,NBEATSx,2,2024-06-01,53,2,2024-08-01,0.300804,0.26290473341941833,0.124342180788517,0.2943175733089447,input_size=12,ok,29.597267627716064
HOSE Pipe & Accessories,NBEATSx,2,2024-06-01,53,3,2024-09-01,0.496672,0.0,0.0,0.0,input_size=12,ok,29.597267627716064
HOSE Pipe & Accessories,NBEATSx,1,2024-07-01,54,1,2024-08-01,0.300804,1.0236921310424805,0.9259519577026367,1.037649393081665,input_size=12,ok,27.230737686157227
HOSE Pipe & Accessories,NBEATSx,1,2024-07-01,54,2,2024-09-01,0.496672,0.48170486092567444,0.2821681797504425,0.817405641078949,input_size=12,ok,27.230737686157227
HOSE Pipe & Accessories,NBEATSx,1,2024-07-01,54,3,2024-10-01,1.85417,5.048167705535889,3.3316218852996826,5.382968902587891,input_size=12,ok,27.230737686157227
HOSE Pipe & Accessories,NBEATSx,0,2024-08-01,55,1,2024-09-01,0.496672,1.9376641511917114,1.832522988319397,2.1596570014953613,input_size=12,ok,28.371137142181396
HOSE Pipe & Accessories,NBEATSx,0,2024-08-01,55,2,2024-10-01,1.85417,1.0077883005142212,0.9472582936286926,1.2006518840789795,input_size=12,ok,28.371137142181396
HOSE Pipe & Accessories,NBEATSx,0,2024-08-01,55,3,2024-11-01,1.36998058,1.2195782661437988,1.1705834865570068,1.3574692010879517,input_size=12,ok,28.371137142181396
HOSE Pipe & Accessories,NHITS,5,2024-03-01,50,1,2024-04-01,1.62553685,0.3615663945674896,0.0,0.3615663945674896,input_size=12,ok,28.865864038467407
HOSE Pipe & Accessories,NHITS,5,2024-03-01,50,2,2024-05-01,0.780787,1.1596335172653198,1.0709006786346436,1.246756911277771,input_size=12,ok,28.865864038467407
HOSE Pipe & Accessories,NHITS,5,2024-03-01,50,3,2024-06-01,0.237182,1.9635130167007446,1.9635130167007446,2.158970832824707,input_size=12,ok,28.865864038467407
HOSE Pipe & Accessories,NHITS,4,2024-04-01,51,1,2024-05-01,0.780787,0.8651311993598938,0.724264919757843,1.064348578453064,input_size=12,ok,37.5038948059082
HOSE Pipe & Accessories,NHITS,4,2024-04-01,51,2,2024-06-01,0.237182,1.9406970739364624,1.8376706838607788,2.1463966369628906,input_size=12,ok,37.5038948059082
HOSE Pipe & Accessories,NHITS,4,2024-04-01,51,3,2024-07-01,0.465226,0.0,0.0,0.0,input_size=12,ok,37.5038948059082
HOSE Pipe & Accessories,NHITS,3,2024-05-01,52,1,2024-06-01,0.237182,1.7300691604614258,1.7300691604614258,1.8189810514450073,input_size=12,ok,37.56411552429199
HOSE Pipe & Accessories,NHITS,3,2024-05-01,52,2,2024-07-01,0.465226,0.0,0.0,0.013901273719966412,input_size=12,ok,37.56411552429199
HOSE Pipe & Accessories,NHITS,3,2024-05-01,52,3,2024-08-01,0.300804,0.07448401302099228,0.0,0.07448401302099228,input_size=12,ok,37.56411552429199
HOSE Pipe & Accessories,NHITS,2,2024-06-01,53,1,2024-07-01,0.465226,0.0,0.0,0.0,input_size=12,ok,34.06956624984741
HOSE Pipe & Accessories,NHITS,2,2024-06-01,53,2,2024-08-01,0.300804,0.38481274247169495,0.27293193340301514,0.38481274247169495,input_size=12,ok,34.06956624984741
HOSE Pipe & Accessories,NHITS,2,2024-06-01,53,3,2024-09-01,0.496672,0.5934281349182129,0.401482492685318,0.5934281349182129,input_size=12,ok,34.06956624984741
HOSE Pipe & Accessories,NHITS,1,2024-07-01,54,1,2024-08-01,0.300804,0.3709458112716675,0.3709458112716675,0.39758995175361633,input_size=12,ok,36.9484281539917
HOSE Pipe & Accessories,NHITS,1,2024-07-01,54,2,2024-09-01,0.496672,0.06843731552362442,0.043222565203905106,0.06843731552362442,input_size=12,ok,36.9484281539917
HOSE Pipe & Accessories,NHITS,1,2024-07-01,54,3,2024-10-01,1.85417,4.360378742218018,3.9759693145751953,4.391984939575195,input_size=12,ok,36.9484281539917
HOSE Pipe & Accessories,NHITS,0,2024-08-01,55,1,2024-09-01,0.496672,2.6545941829681396,2.5186092853546143,3.203266143798828,input_size=12,ok,39.61721444129944
HOSE Pipe & Accessories,NHITS,0,2024-08-01,55,2,2024-10-01,1.85417,1.778602123260498,1.5265560150146484,2.379257917404175,input_size=12,ok,39.61721444129944
HOSE Pipe & Accessories,NHITS,0,2024-08-01,55,3,2024-11-01,1.36998058,1.279845952987671,1.279845952987671,1.6537460088729858,input_size=12,ok,39.61721444129944
HOSE Pipe & Accessories,TCN,5,2024-03-01,50,1,2024-04-01,1.62553685,0.17552284990078978,0.0,1.5970406251528448,input_chunk=12,ok,27.022790670394897
HOSE Pipe & Accessories,TCN,5,2024-03-01,50,2,2024-05-01,0.780787,0.1494607851731959,0.0,1.5872183710583379,input_chunk=12,ok,27.022790670394897
HOSE Pipe & Accessories,TCN,5,2024-03-01,50,3,2024-06-01,0.237182,0.1358031448201844,0.0,1.360200128663623,input_chunk=12,ok,27.022790670394897
HOSE Pipe & Accessories,TCN,4,2024-04-01,51,1,2024-05-01,0.780787,0.07140055001668467,0.0,1.5477244128089545,input_chunk=12,ok,26.146293878555298
HOSE Pipe & Accessories,TCN,4,2024-04-01,51,2,2024-06-01,0.237182,0.12309643688526321,0.0,1.4067798829850755,input_chunk=12,ok,26.146293878555298
HOSE Pipe & Accessories,TCN,4,2024-04-01,51,3,2024-07-01,0.465226,0.20047880228636009,0.0,1.113103495773004,input_chunk=12,ok,26.146293878555298
HOSE Pipe & Accessories,TCN,3,2024-05-01,52,1,2024-06-01,0.237182,0.08330679239315054,0.0,1.3680949782083245,input_chunk=12,ok,25.306917190551758
HOSE Pipe & Accessories,TCN,3,2024-05-01,52,2,2024-07-01,0.465226,0.22313625470152573,0.0,1.1950466180583466,input_chunk=12,ok,25.306917190551758
HOSE Pipe & Accessories,TCN,3,2024-05-01,52,3,2024-08-01,0.300804,0.30304868894949705,0.0,1.6043937338605703,input_chunk=12,ok,25.306917190551758
HOSE Pipe & Accessories,TCN,2,2024-06-01,53,1,2024-07-01,0.465226,0.17362700274770426,0.0,1.1200541507371924,input_chunk=12,ok,29.973538637161255
HOSE Pipe & Accessories,TCN,2,2024-06-01,53,2,2024-08-01,0.300804,0.3012787230494514,0.0,1.5555489724744298,input_chunk=12,ok,29.973538637161255
HOSE Pipe & Accessories,TCN,2,2024-06-01,53,3,2024-09-01,0.496672,0.3022957525312573,0.0,1.784025601311761,input_chunk=12,ok,29.973538637161255
HOSE Pipe & Accessories,TCN,1,2024-07-01,54,1,2024-08-01,0.300804,0.2716347528134162,0.0,1.5563007837731444,input_chunk=12,ok,24.570359230041504
HOSE Pipe & Accessories,TCN,1,2024-07-01,54,2,2024-09-01,0.496672,0.3265298232396994,0.0,1.8617772971923332,input_chunk=12,ok,24.570359230041504
HOSE Pipe & Accessories,TCN,1,2024-07-01,54,3,2024-10-01,1.85417,0.30292551969108056,0.0,1.867666593598446,input_chunk=12,ok,24.570359230041504
HOSE Pipe & Accessories,TCN,0,2024-08-01,55,1,2024-09-01,0.496672,0.2874751882696778,0.0,1.839441576047645,input_chunk=12,ok,26.14527416229248
HOSE Pipe & Accessories,TCN,0,2024-08-01,55,2,2024-10-01,1.85417,0.31717095212459284,0.0012101562658671549,1.9031373080705904,input_chunk=12,ok,26.14527416229248
HOSE Pipe & Accessories,TCN,0,2024-08-01,55,3,2024-11-01,1.36998058,0.28269457852836466,0.0,1.8427492023197967,input_chunk=12,ok,26.14527416229248
O-RING,Naive,5,2024-03-01,50,1,2024-04-01,0.161292,0.113396,,,last value,ok,0.0009970664978027344
O-RING,Naive,5,2024-03-01,50,2,2024-05-01,0.1710995,0.113396,,,last value,ok,0.0009970664978027344
O-RING,Naive,5,2024-03-01,50,3,2024-06-01,0.014468,0.113396,,,last value,ok,0.0009970664978027344
O-RING,Naive,4,2024-04-01,51,1,2024-05-01,0.1710995,0.161292,,,last value,ok,0.000997781753540039
O-RING,Naive,4,2024-04-01,51,2,2024-06-01,0.014468,0.161292,,,last value,ok,0.000997781753540039
O-RING,Naive,4,2024-04-01,51,3,2024-07-01,0.1809374,0.161292,,,last value,ok,0.000997781753540039
O-RING,Naive,3,2024-05-01,52,1,2024-06-01,0.014468,0.1710995,,,last value,ok,0.0009970664978027344
O-RING,Naive,3,2024-05-01,52,2,2024-07-01,0.1809374,0.1710995,,,last value,ok,0.0009970664978027344
O-RING,Naive,3,2024-05-01,52,3,2024-08-01,0.0,0.1710995,,,last value,ok,0.0009970664978027344
O-RING,Naive,2,2024-06-01,53,1,2024-07-01,0.1809374,0.014468,,,last value,ok,0.000997781753540039
O-RING,Naive,2,2024-06-01,53,2,2024-08-01,0.0,0.014468,,,last value,ok,0.000997781753540039
O-RING,Naive,2,2024-06-01,53,3,2024-09-01,0.276692,0.014468,,,last value,ok,0.000997781753540039
O-RING,Naive,1,2024-07-01,54,1,2024-08-01,0.0,0.1809374,,,last value,ok,0.0009968280792236328
O-RING,Naive,1,2024-07-01,54,2,2024-09-01,0.276692,0.1809374,,,last value,ok,0.0009968280792236328
O-RING,Naive,1,2024-07-01,54,3,2024-10-01,0.010299,0.1809374,,,last value,ok,0.0009968280792236328
O-RING,Naive,0,2024-08-01,55,1,2024-09-01,0.276692,0.0,,,last value,ok,0.001508951187133789
O-RING,Naive,0,2024-08-01,55,2,2024-10-01,0.010299,0.0,,,last value,ok,0.001508951187133789
O-RING,Naive,0,2024-08-01,55,3,2024-11-01,0.0272238,0.0,,,last value,ok,0.001508951187133789
O-RING,CrostonSBA,5,2024-03-01,50,1,2024-04-01,0.161292,0.12000346624883167,,,alpha=0.1,ok,0.0009970664978027344
O-RING,CrostonSBA,5,2024-03-01,50,2,2024-05-01,0.1710995,0.12000346624883167,,,alpha=0.1,ok,0.0009970664978027344
O-RING,CrostonSBA,5,2024-03-01,50,3,2024-06-01,0.014468,0.12000346624883167,,,alpha=0.1,ok,0.0009970664978027344
O-RING,CrostonSBA,4,2024-04-01,51,1,2024-05-01,0.1710995,0.12285959601644157,,,alpha=0.1,ok,0.0009980201721191406
O-RING,CrostonSBA,4,2024-04-01,51,2,2024-06-01,0.014468,0.12285959601644157,,,alpha=0.1,ok,0.0009980201721191406
O-RING,CrostonSBA,4,2024-04-01,51,3,2024-07-01,0.1809374,0.12285959601644157,,,alpha=0.1,ok,0.0009980201721191406
O-RING,CrostonSBA,3,2024-05-01,52,1,2024-06-01,0.014468,0.12631971105204517,,,alpha=0.1,ok,0.0009970664978027344
O-RING,CrostonSBA,3,2024-05-01,52,2,2024-07-01,0.1809374,0.12631971105204517,,,alpha=0.1,ok,0.0009970664978027344
O-RING,CrostonSBA,3,2024-05-01,52,3,2024-08-01,0.0,0.12631971105204517,,,alpha=0.1,ok,0.0009970664978027344
O-RING,CrostonSBA,2,2024-06-01,53,1,2024-07-01,0.1809374,0.11637695643883839,,,alpha=0.1,ok,0.0009982585906982422
O-RING,CrostonSBA,2,2024-06-01,53,2,2024-08-01,0.0,0.11637695643883839,,,alpha=0.1,ok,0.0009982585906982422
O-RING,CrostonSBA,2,2024-06-01,53,3,2024-09-01,0.276692,0.11637695643883839,,,alpha=0.1,ok,0.0009982585906982422
O-RING,CrostonSBA,1,2024-07-01,54,1,2024-08-01,0.0,0.1213379134823731,,,alpha=0.1,ok,0.0009968280792236328
O-RING,CrostonSBA,1,2024-07-01,54,2,2024-09-01,0.276692,0.1213379134823731,,,alpha=0.1,ok,0.0009968280792236328
O-RING,CrostonSBA,1,2024-07-01,54,3,2024-10-01,0.010299,0.1213379134823731,,,alpha=0.1,ok,0.0009968280792236328
O-RING,CrostonSBA,0,2024-08-01,55,1,2024-09-01,0.276692,0.1213379134823731,,,alpha=0.1,ok,0.001994609832763672
O-RING,CrostonSBA,0,2024-08-01,55,2,2024-10-01,0.010299,0.1213379134823731,,,alpha=0.1,ok,0.001994609832763672
O-RING,CrostonSBA,0,2024-08-01,55,3,2024-11-01,0.0272238,0.1213379134823731,,,alpha=0.1,ok,0.001994609832763672
O-RING,ETS,5,2024-03-01,50,1,2024-04-01,0.161292,0.16052171396389947,0.0,0.533581632789611,ETS(ANN),ok,0.25714850425720215
O-RING,ETS,5,2024-03-01,50,2,2024-05-01,0.1710995,0.16052171396389947,0.0,0.5335816346549107,ETS(ANN),ok,0.25714850425720215
O-RING,ETS,5,2024-03-01,50,3,2024-06-01,0.014468,0.16052171396389947,0.0,0.5335816365202102,ETS(ANN),ok,0.25714850425720215
O-RING,ETS,4,2024-04-01,51,1,2024-05-01,0.1710995,0.16053678168452654,0.0,0.529921169030499,ETS(ANN),ok,0.23275470733642578
O-RING,ETS,4,2024-04-01,51,2,2024-06-01,0.014468,0.16053678168452654,0.0,0.5299211708774209,ETS(ANN),ok,0.23275470733642578
O-RING,ETS,4,2024-04-01,51,3,2024-07-01,0.1809374,0.16053678168452654,0.0,0.5299211727243429,ETS(ANN),ok,0.23275470733642578
O-RING,ETS,3,2024-05-01,52,1,2024-06-01,0.014468,0.16073991435482374,0.0,0.5265600106788151,ETS(ANN),ok,0.14818692207336426
O-RING,ETS,3,2024-05-01,52,2,2024-07-01,0.1809374,0.16073991435482374,0.0,0.5265600125079156,ETS(ANN),ok,0.14818692207336426
O-RING,ETS,3,2024-05-01,52,3,2024-08-01,0.0,0.16073991435482374,0.0,0.5265600143370162,ETS(ANN),ok,0.14818692207336426
O-RING,ETS,2,2024-06-01,53,1,2024-07-01,0.1809374,0.15798038453854266,0.0,0.5212295014213562,ETS(ANN),ok,0.2308814525604248
O-RING,ETS,2,2024-06-01,53,2,2024-08-01,0.0,0.15798038453854266,0.0,0.5212295032376016,ETS(ANN),ok,0.2308814525604248
O-RING,ETS,2,2024-06-01,53,3,2024-09-01,0.276692,0.15798038453854266,0.0,0.5212295050538474,ETS(ANN),ok,0.2308814525604248
O-RING,ETS,1,2024-07-01,54,1,2024-08-01,0.0,0.158405518122693,0.0,0.5182973597859021,ETS(ANN),ok,0.16042661666870117
O-RING,ETS,1,2024-07-01,54,2,2024-09-01,0.276692,0.158405518122693,0.0,0.5182973615853612,ETS(ANN),ok,0.16042661666870117
O-RING,ETS,1,2024-07-01,54,3,2024-10-01,0.010299,0.158405518122693,0.0,0.5182973633848205,ETS(ANN),ok,0.16042661666870117
O-RING,ETS,0,2024-08-01,55,1,2024-09-01,0.276692,0.15552539000682536,0.0,0.513160581278766,ETS(ANN),ok,0.15826892852783203
O-RING,ETS,0,2024-08-01,55,2,2024-10-01,0.010299,0.15552539000682536,0.0,0.5131605830669419,ETS(ANN),ok,0.15826892852783203
O-RING,ETS,0,2024-08-01,55,3,2024-11-01,0.0272238,0.15552539000682536,0.0,0.5131605848551178,ETS(ANN),ok,0.15826892852783203
O-RING,ARIMA,5,2024-03-01,50,1,2024-04-01,0.161292,0.16051717817297684,0.0,0.5335522452003645,"ARIMA(0, 0, 0)",ok,3.7149410247802734
O-RING,ARIMA,5,2024-03-01,50,2,2024-05-01,0.1710995,0.16051717817297684,0.0,0.5335522452003645,"ARIMA(0, 0, 0)",ok,3.7149410247802734
O-RING,ARIMA,5,2024-03-01,50,3,2024-06-01,0.014468,0.16051717817297684,0.0,0.5335522452003645,"ARIMA(0, 0, 0)",ok,3.7149410247802734
O-RING,ARIMA,4,2024-04-01,51,1,2024-05-01,0.1710995,0.16053222457573665,0.0,0.5298926917745679,"ARIMA(0, 0, 0)",ok,3.25478196144104
O-RING,ARIMA,4,2024-04-01,51,2,2024-06-01,0.014468,0.16053222457573665,0.0,0.5298926917745679,"ARIMA(0, 0, 0)",ok,3.25478196144104
O-RING,ARIMA,4,2024-04-01,51,3,2024-07-01,0.1809374,0.16053222457573665,0.0,0.5298926917745679,"ARIMA(0, 0, 0)",ok,3.25478196144104
O-RING,ARIMA,3,2024-05-01,52,1,2024-06-01,0.014468,0.16073353607848948,0.0,0.5265415372950973,"ARIMA(0, 0, 0)",ok,2.240926504135132
O-RING,ARIMA,3,2024-05-01,52,2,2024-07-01,0.1809374,0.16073353607848948,0.0,0.5265415372950973,"ARIMA(0, 0, 0)",ok,2.240926504135132
O-RING,ARIMA,3,2024-05-01,52,3,2024-08-01,0.0,0.16073353607848948,0.0,0.5265415372950973,"ARIMA(0, 0, 0)",ok,2.240926504135132
O-RING,ARIMA,2,2024-06-01,53,1,2024-07-01,0.1809374,0.15797504130575166,0.0,0.5211992463078334,"ARIMA(0, 0, 0)",ok,2.3267273902893066
O-RING,ARIMA,2,2024-06-01,53,2,2024-08-01,0.0,0.15797504130575166,0.0,0.5211992463078334,"ARIMA(0, 0, 0)",ok,2.3267273902893066
O-RING,ARIMA,2,2024-06-01,53,3,2024-09-01,0.276692,0.15797504130575166,0.0,0.5211992463078334,"ARIMA(0, 0, 0)",ok,2.3267273902893066
O-RING,ARIMA,1,2024-07-01,54,1,2024-08-01,0.0,0.1584007127159396,0.0,0.5182745202747021,"ARIMA(0, 0, 0)",ok,2.1905670166015625
O-RING,ARIMA,1,2024-07-01,54,2,2024-09-01,0.276692,0.1584007127159396,0.0,0.5182745202747021,"ARIMA(0, 0, 0)",ok,2.1905670166015625
O-RING,ARIMA,1,2024-07-01,54,3,2024-10-01,0.010299,0.1584007127159396,0.0,0.5182745202747021,"ARIMA(0, 0, 0)",ok,2.1905670166015625
O-RING,ARIMA,0,2024-08-01,55,1,2024-09-01,0.276692,0.15552003846437315,0.0,0.5131437787127321,"ARIMA(0, 0, 0)",ok,2.01127552986145
O-RING,ARIMA,0,2024-08-01,55,2,2024-10-01,0.010299,0.15552003846437315,0.0,0.5131437787127321,"ARIMA(0, 0, 0)",ok,2.01127552986145
O-RING,ARIMA,0,2024-08-01,55,3,2024-11-01,0.0272238,0.15552003846437315,0.0,0.5131437787127321,"ARIMA(0, 0, 0)",ok,2.01127552986145
O-RING,AutoTS,5,2024-03-01,50,1,2024-04-01,0.161292,0.08119181054816162,0.047243130315064115,0.11514049078125912,Ensemble,ok,93.38271951675415
O-RING,AutoTS,5,2024-03-01,50,2,2024-05-01,0.1710995,0.22381145958626203,0.092160627593356,0.3554622915791681,Ensemble,ok,93.38271951675415
O-RING,AutoTS,5,2024-03-01,50,3,2024-06-01,0.014468,0.11097434375322703,0.09553055009610095,0.12641813741035307,Ensemble,ok,93.38271951675415
O-RING,AutoTS,4,2024-04-01,51,1,2024-05-01,0.1710995,0.2279656997860674,0.1442554394166156,0.34930781865822536,Ensemble,ok,90.4469907283783
O-RING,AutoTS,4,2024-04-01,51,2,2024-06-01,0.014468,0.1686075964527342,0.14718215519439337,0.22830237976933643,Ensemble,ok,90.4469907283783
O-RING,AutoTS,4,2024-04-01,51,3,2024-07-01,0.1809374,0.19572161645273412,0.1693393895471143,0.19572161645273412,Ensemble,ok,90.4469907283783
O-RING,AutoTS,3,2024-05-01,52,1,2024-06-01,0.014468,0.18006365089391224,0.06261971275194311,0.3138452293764857,Ensemble,ok,79.50104975700378
O-RING,AutoTS,3,2024-05-01,52,2,2024-07-01,0.1809374,0.11226555411739726,0.03888949106682734,0.2030946695771398,Ensemble,ok,79.50104975700378
O-RING,AutoTS,3,2024-05-01,52,3,2024-08-01,0.0,0.12333396346973202,0.04284892506307697,0.2147903147675602,Ensemble,ok,79.50104975700378
O-RING,AutoTS,2,2024-06-01,53,1,2024-07-01,0.1809374,0.014468000000000002,0.0,0.02923457348357046,Ensemble,ok,83.76891732215881
O-RING,AutoTS,2,2024-06-01,53,2,2024-08-01,0.0,0.3777726364375001,0.22543645111250005,0.4885000183125002,Ensemble,ok,83.76891732215881
O-RING,AutoTS,2,2024-06-01,53,3,2024-09-01,0.276692,0.08967696449056621,0.0,0.2234966216354569,Ensemble,ok,83.76891732215881
O-RING,AutoTS,1,2024-07-01,54,1,2024-08-01,0.0,0.12239417461806679,0.0,0.3003369907580416,Ensemble,ok,77.71214747428894
O-RING,AutoTS,1,2024-07-01,54,2,2024-09-01,0.276692,0.10779492311244127,0.0,0.2536665560928409,Ensemble,ok,77.71214747428894
O-RING,AutoTS,1,2024-07-01,54,3,2024-10-01,0.010299,0.1069889215157436,0.0,0.205521256706376,Ensemble,ok,77.71214747428894
O-RING,AutoTS,0,2024-08-01,55,1,2024-09-01,0.276692,0.08435246886458492,0.0005097000000000003,0.31196170589771144,Ensemble,ok,115.24208331108093
O-RING,AutoTS,0,2024-08-01,55,2,2024-10-01,0.010299,0.03372153929700385,0.0005097000000000003,0.08812166886458496,Ensemble,ok,115.24208331108093
O-RING,AutoTS,0,2024-08-01,55,3,2024-11-01,0.0272238,0.03613681778600779,0.005580845978470748,0.18475426553892438,Ensemble,ok,115.24208331108093
O-RING,MLForecast,5,2024-03-01,50,1,2024-04-01,0.161292,0.9236543245051648,0.751355083795683,1.0959535652146466,"lags=[1, 2, 3, 6, 12]",ok,0.2355945110321045
O-RING,MLForecast,5,2024-03-01,50,2,2024-05-01,0.1710995,0.527289276528083,0.1635312708552439,0.8910472822009222,"lags=[1, 2, 3, 6, 12]",ok,0.2355945110321045
O-RING,MLForecast,5,2024-03-01,50,3,2024-06-01,0.014468,0.20663988221205867,0.0,0.4578189125365308,"lags=[1, 2, 3, 6, 12]",ok,0.2355945110321045
O-RING,MLForecast,4,2024-04-01,51,1,2024-05-01,0.1710995,0.40154163105610463,0.0,0.8946516534565888,"lags=[1, 2, 3, 6, 12]",ok,0.28746485710144043
O-RING,MLForecast,4,2024-04-01,51,2,2024-06-01,0.014468,0.12748934621879945,0.0,0.4723009997093953,"lags=[1, 2, 3, 6, 12]",ok,0.28746485710144043
O-RING,MLForecast,4,2024-04-01,51,3,2024-07-01,0.1809374,0.03137447940438083,0.0,0.41562872683804664,"lags=[1, 2, 3, 6, 12]",ok,0.28746485710144043
O-RING,MLForecast,3,2024-05-01,52,1,2024-06-01,0.014468,0.0,0.0,0.6431014779138859,"lags=[1, 2, 3, 6, 12]",ok,0.33956408500671387
O-RING,MLForecast,3,2024-05-01,52,2,2024-07-01,0.1809374,0.15758415354145525,0.0,0.6025277909442291,"lags=[1, 2, 3, 6, 12]",ok,0.33956408500671387
O-RING,MLForecast,3,2024-05-01,52,3,2024-08-01,0.0,0.09976202867491904,0.0,0.5392270589898479,"lags=[1, 2, 3, 6, 12]",ok,0.33956408500671387
O-RING,MLForecast,2,2024-06-01,53,1,2024-07-01,0.1809374,0.07858485408830042,0.0,0.4028931898231643,"lags=[1, 2, 3, 6, 12]",ok,0.2688605785369873
O-RING,MLForecast,2,2024-06-01,53,2,2024-08-01,0.0,0.18838244966313256,0.0,0.554453820386005,"lags=[1, 2, 3, 6, 12]",ok,0.2688605785369873
O-RING,MLForecast,2,2024-06-01,53,3,2024-09-01,0.276692,0.0,0.0,0.41167117959296284,"lags=[1, 2, 3, 6, 12]",ok,0.2688605785369873
O-RING,MLForecast,1,2024-07-01,54,1,2024-08-01,0.0,0.2910559216783283,0.0,0.5831274766313422,"lags=[1, 2, 3, 6, 12]",ok,0.20592713356018066
O-RING,MLForecast,1,2024-07-01,54,2,2024-09-01,0.276692,0.0,0.0,0.18552579474662056,"lags=[1, 2, 3, 6, 12]",ok,0.20592713356018066
O-RING,MLForecast,1,2024-07-01,54,3,2024-10-01,0.010299,0.35687716244146167,0.19767747702568053,0.5160768478572428,"lags=[1, 2, 3, 6, 12]",ok,0.20592713356018066
O-RING,MLForecast,0,2024-08-01,55,1,2024-09-01,0.276692,0.16936725540217432,0.0,0.34585749297646895,"lags=[1, 2, 3, 6, 12]",ok,0.2117774486541748
O-RING,MLForecast,0,2024-08-01,55,2,2024-10-01,0.010299,0.023038664342139657,0.0,0.5521059451126695,"lags=[1, 2, 3, 6, 12]",ok,0.2117774486541748
O-RING,MLForecast,0,2024-08-01,55,3,2024-11-01,0.0272238,0.046718472186824955,0.0,0.38500607835312817,"lags=[1, 2, 3, 6, 12]",ok,0.2117774486541748
O-RING,NeuralProphet,5,2024-03-01,50,1,2024-04-01,0.161292,0.29649198055267334,0.2209458351135254,0.7453970909118652,,ok,65.29013442993164
O-RING,NeuralProphet,5,2024-03-01,50,2,2024-05-01,0.1710995,0.33366718888282776,0.16625966131687164,0.9664239287376404,,ok,65.29013442993164
O-RING,NeuralProphet,5,2024-03-01,50,3,2024-06-01,0.014468,0.2803085148334503,0.17967574298381805,0.5964626669883728,,ok,65.29013442993164
O-RING,NeuralProphet,4,2024-04-01,51,1,2024-05-01,0.1710995,0.30765095353126526,0.13466571271419525,0.9261626601219177,,ok,63.548757553100586
O-RING,NeuralProphet,4,2024-04-01,51,2,2024-06-01,0.014468,0.2637847363948822,0.1518736481666565,0.5761692523956299,,ok,63.548757553100586
O-RING,NeuralProphet,4,2024-04-01,51,3,2024-07-01,0.1809374,0.13316088914871216,0.05643216893076897,0.2039620280265808,,ok,63.548757553100586
O-RING,NeuralProphet,3,2024-05-01,52,1,2024-06-01,0.014468,0.23864366114139557,0.15901748836040497,0.5194476246833801,,ok,66.08383107185364
O-RING,NeuralProphet,3,2024-05-01,52,2,2024-07-01,0.1809374,0.1071656122803688,0.07031100243330002,0.13616445660591125,,ok,66.08383107185364
O-RING,NeuralProphet,3,2024-05-01,52,3,2024-08-01,0.0,0.23036061227321625,0.1613381952047348,1.1846030950546265,,ok,66.08383107185364
O-RING,NeuralProphet,2,2024-06-01,53,1,2024-07-01,0.1809374,0.06510642170906067,0.02282487414777279,0.06510642170906067,,ok,73.65477561950684
O-RING,NeuralProphet,2,2024-06-01,53,2,2024-08-01,0.0,0.1697503924369812,0.09051249176263809,1.0749472379684448,,ok,73.65477561950684
O-RING,NeuralProphet,2,2024-06-01,53,3,2024-09-01,0.276692,0.06746262311935425,0.042394209653139114,0.06746262311935425,,ok,73.65477561950684
O-RING,NeuralProphet,1,2024-07-01,54,1,2024-08-01,0.0,0.18456554412841797,0.1108497902750969,1.1609803438186646,,ok,79.97234082221985
O-RING,NeuralProphet,1,2024-07-01,54,2,2024-09-01,0.276692,0.0952610969543457,0.07349181920289993,0.0952610969543457,,ok,79.97234082221985
O-RING,NeuralProphet,1,2024-07-01,54,3,2024-10-01,0.010299,0.2009965032339096,0.12584714591503143,0.20154054462909698,,ok,79.97234082221985
O-RING,NeuralProphet,0,2024-08-01,55,1,2024-09-01,0.276692,0.0616205669939518,0.033863604068756104,0.0616205669939518,,ok,67.72759675979614
O-RING,NeuralProphet,0,2024-08-01,55,2,2024-10-01,0.010299,0.14659591019153595,0.05987254157662392,0.14659591019153595,,ok,67.72759675979614
O-RING,NeuralProphet,0,2024-08-01,55,3,2024-11-01,0.0272238,0.20093612372875214,0.08043218404054642,0.34286239743232727,,ok,67.72759675979614
O-RING,NBEATSx,5,2024-03-01,50,1,2024-04-01,0.161292,0.0,0.0,0.0,input_size=12,ok,28.827245235443115
O-RING,NBEATSx,5,2024-03-01,50,2,2024-05-01,0.1710995,0.157831072807312,0.15570683777332306,0.16794109344482422,input_size=12,ok,28.827245235443115
O-RING,NBEATSx,5,2024-03-01,50,3,2024-06-01,0.014468,0.27019068598747253,0.26031866669654846,0.27019068598747253,input_size=12,ok,28.827245235443115
O-RING,NBEATSx,4,2024-04-01,51,1,2024-05-01,0.1710995,0.12596650421619415,0.10467780381441116,0.14034466445446014,input_size=12,ok,33.1939594745636
O-RING,NBEATSx,4,2024-04-01,51,2,2024-06-01,0.014468,0.3004375994205475,0.27917468547821045,0.3004375994205475,input_size=12,ok,33.1939594745636
O-RING,NBEATSx,4,2024-04-01,51,3,2024-07-01,0.1809374,0.023996969684958458,0.023996969684958458,0.04065551981329918,input_size=12,ok,33.1939594745636
O-RING,NBEATSx,3,2024-05-01,52,1,2024-06-01,0.014468,0.16200818121433258,0.16200818121433258,0.16553039848804474,input_size=12,ok,48.88808560371399
O-RING,NBEATSx,3,2024-05-01,52,2,2024-07-01,0.1809374,0.14425553381443024,0.12580657005310059,0.14425553381443024,input_size=12,ok,48.88808560371399
O-RING,NBEATSx,3,2024-05-01,52,3,2024-08-01,0.0,0.822260856628418,0.8163987994194031,0.822260856628418,input_size=12,ok,48.88808560371399
O-RING,NBEATSx,2,2024-06-01,53,1,2024-07-01,0.1809374,0.03551362082362175,0.031117623671889305,0.03551362082362175,input_size=12,ok,44.75069260597229
O-RING,NBEATSx,2,2024-06-01,53,2,2024-08-01,0.0,0.7384824752807617,0.7239438891410828,0.74317866563797,input_size=12,ok,44.75069260597229
O-RING,NBEATSx,2,2024-06-01,53,3,2024-09-01,0.276692,0.23542208969593048,0.22394371032714844,0.23542208969593048,input_size=12,ok,44.75069260597229
O-RING,NBEATSx,1,2024-07-01,54,1,2024-08-01,0.0,0.6672501564025879,0.6260629296302795,0.6672501564025879,input_size=12,ok,34.8613018989563
O-RING,NBEATSx,1,2024-07-01,54,2,2024-09-01,0.276692,0.2725616991519928,0.2523877024650574,0.2725616991519928,input_size=12,ok,34.8613018989563
O-RING,NBEATSx,1,2024-07-01,54,3,2024-10-01,0.010299,0.08670315891504288,0.07801368087530136,0.08670315891504288,input_size=12,ok,34.8613018989563
O-RING,NBEATSx,0,2024-08-01,55,1,2024-09-01,0.276692,0.09773442894220352,0.07971417903900146,0.09773442894220352,input_size=12,ok,28.439428091049194
O-RING,NBEATSx,0,2024-08-01,55,2,2024-10-01,0.010299,0.0,0.0,0.0,input_size=12,ok,28.439428091049194
O-RING,NBEATSx,0,2024-08-01,55,3,2024-11-01,0.0272238,0.34928765892982483,0.3388461768627167,0.35817694664001465,input_size=12,ok,28.439428091049194
O-RING,NHITS,5,2024-03-01,50,1,2024-04-01,0.161292,0.0,0.0,0.0,input_size=12,ok,28.47275471687317
O-RING,NHITS,5,2024-03-01,50,2,2024-05-01,0.1710995,0.22785049676895142,0.22432982921600342,0.24419422447681427,input_size=12,ok,28.47275471687317
O-RING,NHITS,5,2024-03-01,50,3,2024-06-01,0.014468,0.14772556722164154,0.14772556722164154,0.16872672736644745,input_size=12,ok,28.47275471687317
O-RING,NHITS,4,2024-04-01,51,1,2024-05-01,0.1710995,0.25370603799819946,0.25370603799819946,0.3356117010116577,input_size=12,ok,29.26700496673584
O-RING,NHITS,4,2024-04-01,51,2,2024-06-01,0.014468,0.5363554954528809,0.5120125412940979,0.5363554954528809,input_size=12,ok,29.26700496673584
O-RING,NHITS,4,2024-04-01,51,3,2024-07-01,0.1809374,0.0479758195579052,0.01261932123452425,0.051055967807769775,input_size=12,ok,29.26700496673584
O-RING,NHITS,3,2024-05-01,52,1,2024-06-01,0.014468,0.1321892887353897,0.1321892887353897,0.14639221131801605,input_size=12,ok,29.938152074813843
O-RING,NHITS,3,2024-05-01,52,2,2024-07-01,0.1809374,0.17097745835781097,0.13747207820415497,0.1778469681739807,input_size=12,ok,29.938152074813843
O-RING,NHITS,3,2024-05-01,52,3,2024-08-01,0.0,0.6838564872741699,0.6726164817810059,0.6838564872741699,input_size=12,ok,29.938152074813843
O-RING,NHITS,2,2024-06-01,53,1,2024-07-01,0.1809374,0.016140488907694817,0.0,0.016140488907694817,input_size=12,ok,28.16064977645874
O-RING,NHITS,2,2024-06-01,53,2,2024-08-01,0.0,0.7845922112464905,0.7573198676109314,0.7845922112464905,input_size=12,ok,28.16064977645874
O-RING,NHITS,2,2024-06-01,53,3,2024-09-01,0.276692,0.19068296253681183,0.16608382761478424,0.19068296253681183,input_size=12,ok,28.16064977645874
O-RING,NHITS,1,2024-07-01,54,1,2024-08-01,0.0,0.583486020565033,0.5519080758094788,0.5953763127326965,input_size=12,ok,28.270038843154907
O-RING,NHITS,1,2024-07-01,54,2,2024-09-01,0.276692,0.2353375405073166,0.20344680547714233,0.2353375405073166,input_size=12,ok,28.270038843154907
O-RING,NHITS,1,2024-07-01,54,3,2024-10-01,0.010299,0.07052867859601974,0.04793966934084892,0.07052867859601974,input_size=12,ok,28.270038843154907
O-RING,NHITS,0,2024-08-01,55,1,2024-09-01,0.276692,0.0,0.0,0.018736576661467552,input_size=12,ok,44.21444129943848
O-RING,NHITS,0,2024-08-01,55,2,2024-10-01,0.010299,0.0,0.0,0.0,input_size=12,ok,44.21444129943848
O-RING,NHITS,0,2024-08-01,55,3,2024-11-01,0.0272238,0.3111564815044403,0.3111564815044403,0.3440759479999542,input_size=12,ok,44.21444129943848
O-RING,TCN,5,2024-03-01,50,1,2024-04-01,0.161292,0.05099294316970027,0.0,0.6070279510668501,input_chunk=12,ok,35.82489609718323
O-RING,TCN,5,2024-03-01,50,2,2024-05-01,0.1710995,0.057561662974568335,0.0,0.5671406080417474,input_chunk=12,ok,35.82489609718323
O-RING,TCN,5,2024-03-01,50,3,2024-06-01,0.014468,0.06771807526069533,0.0,0.6767625499640116,input_chunk=12,ok,35.82489609718323
O-RING,TCN,4,2024-04-01,51,1,2024-05-01,0.1710995,0.046283672347008475,0.0,0.5748314830643627,input_chunk=12,ok,35.65257716178894
O-RING,TCN,4,2024-04-01,51,2,2024-06-01,0.014468,0.08371225166716466,0.0,0.6845854669855025,input_chunk=12,ok,35.65257716178894
O-RING,TCN,4,2024-04-01,51,3,2024-07-01,0.1809374,0.07808905105094897,0.0,0.6676775206919857,input_chunk=12,ok,35.65257716178894
O-RING,TCN,3,2024-05-01,52,1,2024-06-01,0.014468,0.06989479836748873,0.0,0.6292256533228003,input_chunk=12,ok,26.35635471343994
O-RING,TCN,3,2024-05-01,52,2,2024-07-01,0.1809374,0.08460164837281621,0.0,0.6417808605256383,input_chunk=12,ok,26.35635471343994
O-RING,TCN,3,2024-05-01,52,3,2024-08-01,0.0,0.08697481440439352,0.0,0.664170157181447,input_chunk=12,ok,26.35635471343994
O-RING,TCN,2,2024-06-01,53,1,2024-07-01,0.1809374,0.06477587077024419,0.0,0.6163942172320481,input_chunk=12,ok,19.613021850585938
O-RING,TCN,2,2024-06-01,53,2,2024-08-01,0.0,0.08425507792717403,0.0,0.6376596010809426,input_chunk=12,ok,19.613021850585938
O-RING,TCN,2,2024-06-01,53,3,2024-09-01,0.276692,0.09075989648148969,0.0,0.6547033428768748,input_chunk=12,ok,19.613021850585938
O-RING,TCN,1,2024-07-01,54,1,2024-08-01,0.0,0.06202251419056811,0.0,0.588914359782049,input_chunk=12,ok,21.28727436065674
O-RING,TCN,1,2024-07-01,54,2,2024-09-01,0.276692,0.08800539193401324,0.0,0.6001274008644537,input_chunk=12,ok,21.28727436065674
O-RING,TCN,1,2024-07-01,54,3,2024-10-01,0.010299,0.06349111936425479,0.0,0.5196061435048818,input_chunk=12,ok,21.28727436065674
O-RING,TCN,0,2024-08-01,55,1,2024-09-01,0.276692,0.07217598304487698,0.0,0.5633131192807331,input_chunk=12,ok,21.216132640838623
O-RING,TCN,0,2024-08-01,55,2,2024-10-01,0.010299,0.06692950572458944,0.0,0.49520347849202695,input_chunk=12,ok,21.216132640838623
O-RING,TCN,0,2024-08-01,55,3,2024-11-01,0.0272238,0.09009031361606902,0.0,0.6215241880242602,input_chunk=12,ok,21.216132640838623
RING SEAL,Naive,3,2024-05-01,8,1,2024-06-01,2.7886672000000003,3.9614811000000003,,,last value,ok,0.0010068416595458984
RING SEAL,Naive,3,2024-05-01,8,2,2024-07-01,6.0207052999999995,3.9614811000000003,,,last value,ok,0.0010068416595458984
RING SEAL,Naive,3,2024-05-01,8,3,2024-08-01,3.8765,3.9614811000000003,,,last value,ok,0.0010068416595458984
RING SEAL,Naive,2,2024-06-01,9,1,2024-07-01,6.0207052999999995,2.7886672000000003,,,last value,ok,0.0
RING SEAL,Naive,2,2024-06-01,9,2,2024-08-01,3.8765,2.7886672000000003,,,last value,ok,0.0
RING SEAL,Naive,2,2024-06-01,9,3,2024-09-01,5.494797849999999,2.7886672000000003,,,last value,ok,0.0
RING SEAL,Naive,1,2024-07-01,10,1,2024-08-01,3.8765,6.0207052999999995,,,last value,ok,0.0
RING SEAL,Naive,1,2024-07-01,10,2,2024-09-01,5.494797849999999,6.0207052999999995,,,last value,ok,0.0
RING SEAL,Naive,1,2024-07-01,10,3,2024-10-01,7.11858785,6.0207052999999995,,,last value,ok,0.0
RING SEAL,Naive,0,2024-08-01,11,1,2024-09-01,5.494797849999999,3.8765,,,last value,ok,0.0020101070404052734
RING SEAL,Naive,0,2024-08-01,11,2,2024-10-01,7.11858785,3.8765,,,last value,ok,0.0020101070404052734
RING SEAL,Naive,0,2024-08-01,11,3,2024-11-01,9.68787953,3.8765,,,last value,ok,0.0020101070404052734
RING SEAL,CrostonSBA,3,2024-05-01,8,1,2024-06-01,2.7886672000000003,5.8409440119993,,,alpha=0.1,ok,0.0
RING SEAL,CrostonSBA,3,2024-05-01,8,2,2024-07-01,6.0207052999999995,5.8409440119993,,,alpha=0.1,ok,0.0
RING SEAL,CrostonSBA,3,2024-05-01,8,3,2024-08-01,3.8765,5.8409440119993,,,alpha=0.1,ok,0.0
RING SEAL,CrostonSBA,2,2024-06-01,9,1,2024-07-01,6.0207052999999995,5.52177299479937,,,alpha=0.1,ok,0.0
RING SEAL,CrostonSBA,2,2024-06-01,9,2,2024-08-01,3.8765,5.52177299479937,,,alpha=0.1,ok,0.0
RING SEAL,CrostonSBA,2,2024-06-01,9,3,2024-09-01,5.494797849999999,5.52177299479937,,,alpha=0.1,ok,0.0
RING SEAL,CrostonSBA,1,2024-07-01,10,1,2024-08-01,3.8765,5.541562698819433,,,alpha=0.1,ok,0.0018222332000732422
RING SEAL,CrostonSBA,1,2024-07-01,10,2,2024-09-01,5.494797849999999,5.541562698819433,,,alpha=0.1,ok,0.0018222332000732422
RING SEAL,CrostonSBA,1,2024-07-01,10,3,2024-10-01,7.11858785,5.541562698819433,,,alpha=0.1,ok,0.0018222332000732422
RING SEAL,CrostonSBA,0,2024-08-01,11,1,2024-09-01,5.494797849999999,5.35567392893749,,,alpha=0.1,ok,0.0010051727294921875
RING SEAL,CrostonSBA,0,2024-08-01,11,2,2024-10-01,7.11858785,5.35567392893749,,,alpha=0.1,ok,0.0010051727294921875
RING SEAL,CrostonSBA,0,2024-08-01,11,3,2024-11-01,9.68787953,5.35567392893749,,,alpha=0.1,ok,0.0010051727294921875
RING SEAL,ETS,3,2024-05-01,8,1,2024-06-01,2.7886672000000003,6.997912032511967,3.0121848945689704,10.983639170454964,ETS(ANN),ok,0.01943492889404297
RING SEAL,ETS,3,2024-05-01,8,2,2024-07-01,6.0207052999999995,6.997912032511967,3.0121848746403352,10.983639190383599,ETS(ANN),ok,0.01943492889404297
RING SEAL,ETS,3,2024-05-01,8,3,2024-08-01,3.8765,6.997912032511967,3.0121848547116987,10.983639210312235,ETS(ANN),ok,0.01943492889404297
RING SEAL,ETS,2,2024-06-01,9,1,2024-07-01,6.0207052999999995,6.5301784518167745,2.4076628634411907,10.652694040192358,ETS(ANN),ok,0.01888442039489746
RING SEAL,ETS,2,2024-06-01,9,2,2024-08-01,3.8765,6.5301784518167745,2.4076628428286133,10.652694060804937,ETS(ANN),ok,0.01888442039489746
RING SEAL,ETS,2,2024-06-01,9,3,2024-09-01,5.494797849999999,6.5301784518167745,2.407662822216035,10.652694081417515,ETS(ANN),ok,0.01888442039489746
RING SEAL,ETS,1,2024-07-01,10,1,2024-08-01,3.8765,6.479311125025337,2.563446853580203,10.39517539647047,ETS(ANN),ok,0.03323698043823242
RING SEAL,ETS,1,2024-07-01,10,2,2024-09-01,5.494797849999999,6.479311125025337,2.563446834000882,10.395175416049792,ETS(ANN),ok,0.03323698043823242
RING SEAL,ETS,1,2024-07-01,10,3,2024-10-01,7.11858785,6.479311125025337,2.5634468144215607,10.395175435629113,ETS(ANN),ok,0.03323698043823242
RING SEAL,ETS,0,2024-08-01,11,1,2024-09-01,5.494797849999999,6.242623973165918,2.3878119218151577,10.097436024516679,ETS(ANN),ok,0.04267311096191406
RING SEAL,ETS,0,2024-08-01,11,2,2024-10-01,7.11858785,6.242623973165918,2.3878119025410975,10.097436043790738,ETS(ANN),ok,0.04267311096191406
RING SEAL,ETS,0,2024-08-01,11,3,2024-11-01,9.68787953,6.242623973165918,2.387811883267037,10.097436063064798,ETS(ANN),ok,0.04267311096191406
RING SEAL,ARIMA,3,2024-05-01,8,1,2024-06-01,2.7886672000000003,6.997959827416393,2.4787790188280914,11.517140636004694,"ARIMA(0, 1, 1)",ok,0.1534137725830078
RING SEAL,ARIMA,3,2024-05-01,8,2,2024-07-01,6.0207052999999995,6.997959827416393,2.4787317968862608,11.517187857946524,"ARIMA(0, 1, 1)",ok,0.1534137725830078
RING SEAL,ARIMA,3,2024-05-01,8,3,2024-08-01,3.8765,6.997959827416393,2.478684575437854,11.517235079394933,"ARIMA(0, 1, 1)",ok,0.1534137725830078
RING SEAL,ARIMA,2,2024-06-01,9,1,2024-07-01,6.0207052999999995,6.530171437914918,1.9213056757940645,11.139037200035771,"ARIMA(0, 1, 1)",ok,0.1424427032470703
RING SEAL,ARIMA,2,2024-06-01,9,2,2024-08-01,3.8765,6.530171437914918,1.9213043123482283,11.139038563481607,"ARIMA(0, 1, 1)",ok,0.1424427032470703
RING SEAL,ARIMA,2,2024-06-01,9,3,2024-09-01,5.494797849999999,6.530171437914918,1.9213029489027953,11.13903992692704,"ARIMA(0, 1, 1)",ok,0.1424427032470703
RING SEAL,ARIMA,1,2024-07-01,10,1,2024-08-01,3.8765,6.479228092252437,2.1503460803200642,10.80811010418481,"ARIMA(0, 1, 1)",ok,0.17118120193481445
RING SEAL,ARIMA,1,2024-07-01,10,2,2024-09-01,5.494797849999999,6.479228092252437,2.1503456355678434,10.80811054893703,"ARIMA(0, 1, 1)",ok,0.17118120193481445
RING SEAL,ARIMA,1,2024-07-01,10,3,2024-10-01,7.11858785,6.479228092252437,2.150345190815668,10.808110993689205,"ARIMA(0, 1, 1)",ok,0.17118120193481445
RING SEAL,ARIMA,0,2024-08-01,11,1,2024-09-01,5.494797849999999,6.2426024725474605,2.0205494434877043,10.464655501607217,"ARIMA(0, 1, 1)",ok,0.1697828769683838
RING SEAL,ARIMA,0,2024-08-01,11,2,2024-10-01,7.11858785,6.2426024725474605,2.0205474192658315,10.46465752582909,"ARIMA(0, 1, 1)",ok,0.1697828769683838
RING SEAL,ARIMA,0,2024-08-01,11,3,2024-11-01,9.68787953,6.2426024725474605,2.0205453950449304,10.46465955004999,"ARIMA(0, 1, 1)",ok,0.1697828769683838
RING SEAL,AutoTS,3,2024-05-01,8,1,2024-06-01,2.7886672000000003,3.9614811000000003,3.3206998385595767,4.602262361440424,Ensemble,ok,40.31603717803955
RING SEAL,AutoTS,3,2024-05-01,8,2,2024-07-01,6.0207052999999995,6.642731099999999,5.361179534455399,7.283517840108547,Ensemble,ok,40.31603717803955
RING SEAL,AutoTS,3,2024-05-01,8,3,2024-08-01,3.8765,0.7067311,0.06593888122332864,1.9882826655446002,Ensemble,ok,40.31603717803955
RING SEAL,AutoTS,2,2024-06-01,9,1,2024-07-01,6.0207052999999995,7.2439069456390435,3.4729691812664236,10.915837569495386,Ensemble,ok,52.01255702972412
RING SEAL,AutoTS,2,2024-06-01,9,2,2024-08-01,3.8765,7.20773509617661,3.4729691812664236,8.556828327270523,Ensemble,ok,52.01255702972412
RING SEAL,AutoTS,2,2024-06-01,9,3,2024-09-01,5.494797849999999,2.142833658111398,0.0,6.6649431632223495,Ensemble,ok,52.01255702972412
RING SEAL,AutoTS,1,2024-07-01,10,1,2024-08-01,3.8765,7.141833600092645,4.241063265951156,9.79412616877679,Ensemble,ok,46.96997356414795
RING SEAL,AutoTS,1,2024-07-01,10,2,2024-09-01,5.494797849999999,5.885277927258326,2.9483587608641564,8.571369572894527,Ensemble,ok,46.96997356414795
RING SEAL,AutoTS,1,2024-07-01,10,3,2024-10-01,7.11858785,7.495971501519807,4.556853389668906,10.231128045295577,Ensemble,ok,46.96997356414795
RING SEAL,AutoTS,0,2024-08-01,11,1,2024-09-01,5.494797849999999,3.8764999999999996,2.0505531728732858,5.969168840323754,Ensemble,ok,69.99525904655457
RING SEAL,AutoTS,0,2024-08-01,11,2,2024-10-01,7.11858785,6.772449645175655,4.7246729641342835,8.643288631584753,Ensemble,ok,69.99525904655457
RING SEAL,AutoTS,0,2024-08-01,11,3,2024-11-01,9.68787953,1.5034211009069105,0.0,3.823406322580149,Ensemble,ok,69.99525904655457
RING SEAL,MLForecast,3,2024-05-01,8,1,2024-06-01,2.7886672000000003,7.7715735435485875,,,"lags=[1, 2]",ok,0.05192422866821289
RING SEAL,MLForecast,3,2024-05-01,8,2,2024-07-01,6.0207052999999995,4.927095194657648,,,"lags=[1, 2]",ok,0.05192422866821289
RING SEAL,MLForecast,3,2024-05-01,8,3,2024-08-01,3.8765,7.7715735435485875,,,"lags=[1, 2]",ok,0.05192422866821289
RING SEAL,MLForecast,2,2024-06-01,9,1,2024-07-01,6.0207052999999995,6.900498203684884,,,"lags=[1, 2, 3]",ok,0.05178952217102051
RING SEAL,MLForecast,2,2024-06-01,9,2,2024-08-01,3.8765,10.864336337723453,,,"lags=[1, 2, 3]",ok,0.05178952217102051
RING SEAL,MLForecast,2,2024-06-01,9,3,2024-09-01,5.494797849999999,8.098348918758953,,,"lags=[1, 2, 3]",ok,0.05178952217102051
RING SEAL,MLForecast,1,2024-07-01,10,1,2024-08-01,3.8765,10.077648826025507,,,"lags=[1, 2, 3]",ok,0.07148981094360352
RING SEAL,MLForecast,1,2024-07-01,10,2,2024-09-01,5.494797849999999,10.077648826025507,,,"lags=[1, 2, 3]",ok,0.07148981094360352
RING SEAL,MLForecast,1,2024-07-01,10,3,2024-10-01,7.11858785,8.36796880456442,,,"lags=[1, 2, 3]",ok,0.07148981094360352
RING SEAL,MLForecast,0,2024-08-01,11,1,2024-09-01,5.494797849999999,5.447769005028331,,,"lags=[1, 2, 3]",ok,0.07828116416931152
RING SEAL,MLForecast,0,2024-08-01,11,2,2024-10-01,7.11858785,4.677619958771194,,,"lags=[1, 2, 3]",ok,0.07828116416931152
RING SEAL,MLForecast,0,2024-08-01,11,3,2024-11-01,9.68787953,4.509188870840196,,,"lags=[1, 2, 3]",ok,0.07828116416931152
RING SEAL,NeuralProphet,3,2024-05-01,8,1,2024-06-01,2.7886672000000003,5.408611297607422,3.0738821029663086,12.498026847839355,,ok,12.863122701644897
RING SEAL,NeuralProphet,3,2024-05-01,8,2,2024-07-01,6.0207052999999995,4.474639415740967,1.9827724695205688,12.272269248962402,,ok,12.863122701644897
RING SEAL,NeuralProphet,3,2024-05-01,8,3,2024-08-01,3.8765,3.5095348358154297,0.8552916646003723,12.038985252380371,,ok,12.863122701644897
RING SEAL,NeuralProphet,2,2024-06-01,9,1,2024-07-01,6.0207052999999995,2.062021493911743,0.7697310447692871,5.150939464569092,,ok,20.12653350830078
RING SEAL,NeuralProphet,2,2024-06-01,9,2,2024-08-01,3.8765,0.477424293756485,0.0,3.4820261001586914,,ok,20.12653350830078
RING SEAL,NeuralProphet,2,2024-06-01,9,3,2024-09-01,5.494797849999999,0.0,0.0,1.8809229135513306,,ok,20.12653350830078
RING SEAL,NeuralProphet,1,2024-07-01,10,1,2024-08-01,3.8765,2.8186111450195312,0.5870012640953064,5.4883904457092285,,ok,23.27617335319519
RING SEAL,NeuralProphet,1,2024-07-01,10,2,2024-09-01,5.494797849999999,1.6421056985855103,0.0,4.23612117767334,,ok,23.27617335319519
RING SEAL,NeuralProphet,1,2024-07-01,10,3,2024-10-01,7.11858785,0.5035516619682312,0.0,3.024247169494629,,ok,23.27617335319519
RING SEAL,NeuralProphet,0,2024-08-01,11,1,2024-09-01,5.494797849999999,2.0001027584075928,0.37648800015449524,3.604095458984375,,ok,22.50875997543335
RING SEAL,NeuralProphet,0,2024-08-01,11,2,2024-10-01,7.11858785,0.8790645003318787,0.0,2.2848684787750244,,ok,22.50875997543335
RING SEAL,NeuralProphet,0,2024-08-01,11,3,2024-11-01,9.68787953,0.0,0.0,1.199845552444458,,ok,22.50875997543335
RING SEAL,NBEATSx,3,2024-05-01,8,1,2024-06-01,2.7886672000000003,15.120728492736816,14.234565734863281,15.29385757446289,input_size=5,ok,29.616570472717285
RING SEAL,NBEATSx,3,2024-05-01,8,2,2024-07-01,6.0207052999999995,9.627365112304688,9.466998100280762,10.131343841552734,input_size=5,ok,29.616570472717285
RING SEAL,NBEATSx,3,2024-05-01,8,3,2024-08-01,3.8765,10.341863632202148,10.341863632202148,10.996350288391113,input_size=5,ok,29.616570472717285
RING SEAL,NBEATSx,2,2024-06-01,9,1,2024-07-01,6.0207052999999995,9.962044715881348,9.36689281463623,10.700911521911621,input_size=6,ok,29.71123695373535
RING SEAL,NBEATSx,2,2024-06-01,9,2,2024-08-01,3.8765,1.7097069025039673,1.7097069025039673,2.497260808944702,input_size=6,ok,29.71123695373535
RING SEAL,NBEATSx,2,2024-06-01,9,3,2024-09-01,5.494797849999999,9.26524829864502,9.26524829864502,9.515445709228516,input_size=6,ok,29.71123695373535
RING SEAL,NBEATSx,1,2024-07-01,10,1,2024-08-01,3.8765,2.7787094116210938,2.2511603832244873,2.965369462966919,input_size=7,ok,33.29135870933533
RING SEAL,NBEATSx,1,2024-07-01,10,2,2024-09-01,5.494797849999999,4.2207932472229,4.2207932472229,5.976831912994385,input_size=7,ok,33.29135870933533
RING SEAL,NBEATSx,1,2024-07-01,10,3,2024-10-01,7.11858785,8.100988388061523,7.758119583129883,8.100988388061523,input_size=7,ok,33.29135870933533
RING SEAL,NBEATSx,0,2024-08-01,11,1,2024-09-01,5.494797849999999,8.411128044128418,8.364212989807129,8.572047233581543,input_size=8,ok,35.036088943481445
RING SEAL,NBEATSx,0,2024-08-01,11,2,2024-10-01,7.11858785,5.858272075653076,5.858272075653076,6.414000034332275,input_size=8,ok,35.036088943481445
RING SEAL,NBEATSx,0,2024-08-01,11,3,2024-11-01,9.68787953,7.988546371459961,7.487979412078857,7.988546371459961,input_size=8,ok,35.036088943481445
RING SEAL,NHITS,3,2024-05-01,8,1,2024-06-01,2.7886672000000003,13.700970649719238,13.329322814941406,14.587451934814453,input_size=5,ok,51.782042503356934
RING SEAL,NHITS,3,2024-05-01,8,2,2024-07-01,6.0207052999999995,10.755351066589355,10.312179565429688,11.87916088104248,input_size=5,ok,51.782042503356934
RING SEAL,NHITS,3,2024-05-01,8,3,2024-08-01,3.8765,10.82856273651123,10.045072555541992,11.444656372070312,input_size=5,ok,51.782042503356934
RING SEAL,NHITS,2,2024-06-01,9,1,2024-07-01,6.0207052999999995,3.5724599361419678,2.1494040489196777,4.710781574249268,input_size=6,ok,33.951728105545044
RING SEAL,NHITS,2,2024-06-01,9,2,2024-08-01,3.8765,0.0,0.0,0.5969271659851074,input_size=6,ok,33.951728105545044
RING SEAL,NHITS,2,2024-06-01,9,3,2024-09-01,5.494797849999999,7.371800899505615,6.108487606048584,8.306892395019531,input_size=6,ok,33.951728105545044
RING SEAL,NHITS,1,2024-07-01,10,1,2024-08-01,3.8765,0.0,0.0,0.0,input_size=7,ok,30.62849259376526
RING SEAL,NHITS,1,2024-07-01,10,2,2024-09-01,5.494797849999999,5.850590229034424,5.4105000495910645,7.242809295654297,input_size=7,ok,30.62849259376526
RING SEAL,NHITS,1,2024-07-01,10,3,2024-10-01,7.11858785,5.250818729400635,3.8405654430389404,6.379020690917969,input_size=7,ok,30.62849259376526
RING SEAL,NHITS,0,2024-08-01,11,1,2024-09-01,5.494797849999999,6.515869140625,5.672811985015869,7.052587985992432,input_size=8,ok,29.60205101966858
RING SEAL,NHITS,0,2024-08-01,11,2,2024-10-01,7.11858785,4.556839466094971,4.556839466094971,5.081667423248291,input_size=8,ok,29.60205101966858
RING SEAL,NHITS,0,2024-08-01,11,3,2024-11-01,9.68787953,8.4513578414917,7.59011697769165,8.4513578414917,input_size=8,ok,29.60205101966858
RING SEAL,TCN,3,2024-05-01,8,1,2024-06-01,2.7886672000000003,9.519435105648878,7.35729356150199,12.268086688597897,input_chunk=5,ok,6.285489082336426
RING SEAL,TCN,3,2024-05-01,8,2,2024-07-01,6.0207052999999995,9.31716297283951,7.156054710831299,12.630255791784156,input_chunk=5,ok,6.285489082336426
RING SEAL,TCN,3,2024-05-01,8,3,2024-08-01,3.8765,5.743087904175706,4.586357380951277,8.649854177447935,input_chunk=5,ok,6.285489082336426
RING SEAL,TCN,2,2024-06-01,9,1,2024-07-01,6.0207052999999995,7.877635389430634,4.316285765004241,11.770562896656584,input_chunk=6,ok,5.277401924133301
RING SEAL,TCN,2,2024-06-01,9,2,2024-08-01,3.8765,4.549007625315293,2.1363051668737305,7.7960021414181035,input_chunk=6,ok,5.277401924133301
RING SEAL,TCN,2,2024-06-01,9,3,2024-09-01,5.494797849999999,5.762019261551013,2.7414142557918093,8.531796334526133,input_chunk=6,ok,5.277401924133301
RING SEAL,TCN,1,2024-07-01,10,1,2024-08-01,3.8765,5.079575617274542,2.154016431844189,7.62611098445968,input_chunk=7,ok,6.443769931793213
RING SEAL,TCN,1,2024-07-01,10,2,2024-09-01,5.494797849999999,6.141836283107296,2.5746486921759035,8.403503899143507,input_chunk=7,ok,6.443769931793213
RING SEAL,TCN,1,2024-07-01,10,3,2024-10-01,7.11858785,6.487274140279751,3.626230692628484,9.67058625425438,input_chunk=7,ok,6.443769931793213
RING SEAL,TCN,0,2024-08-01,11,1,2024-09-01,5.494797849999999,4.6322940807117705,3.0789188528517344,6.12046354475379,input_chunk=8,ok,7.082828998565674
RING SEAL,TCN,0,2024-08-01,11,2,2024-10-01,7.11858785,5.357071181141808,3.8501924730116954,7.970505660462007,input_chunk=8,ok,7.082828998565674
RING SEAL,TCN,0,2024-08-01,11,3,2024-11-01,9.68787953,4.6369671137948565,3.4030223384587877,7.0143175128202415,input_chunk=8,ok,7.082828998565674
